GAZP,SBER,SBERP,LKOH,GMKN,YNDX,NVTK,TATN,TATNP,ROSN,SNGS,SNGSP,MGNT,FIVE,MTSS,POLY,ALRS,CHMF,PLZL,IRAO,NLMK,VTBR,MOEX,PHOR,TRNFP,MAGN,RTKM,RUAL,AFLT,PIKK,HYDR,FEES,AFKS,LSRG,CBOM,UPRO,DSKY,LNTA,SFIN,RNFT,MVID,DJ.W1FIN,DJ.W1IDU,NASDAQCOMP,EURUSD,USDCNY,NYMEX.NG,INDUSDX,ICE.BRN,LME.Alum,LME.Nickel,comex.GC,comex.SI,D&J-IND,RTSI
135.767,97.917,73.577,2356.067,8999.0,1103.333,570.867,312.35,199.667,252.2,34.08,43.73,11345.333,88.003,209.733,620.333,56.9,616.667,2878.333,1.339,60.993,0.076,93.53,2825.667,195133.333,19.013,88.003,22.86,54.9,213.733,0.674,0.061,17.948,715.833,3.893,3.104,2356.067,496.667,8.507,8.507,272.933,105.37,116.985,4792.464,1.086,6.555,2.354,98.882,35.612,1475.45,8509.6,1088.367,13.996,16814.932,746.267
130.436,90.91,69.28,2198.66,8456.2,991.0,562.02,298.97,190.02,238.06,33.547,43.704,10251.2,85.114,205.88,608.6,56.644,613.44,3106.0,1.32,59.792,0.072,91.618,2785.8,203400.0,17.922,85.114,22.476,53.178,210.34,0.657,0.058,17.736,670.3,3.791,3.089,2198.66,483.2,8.118,8.118,253.04,100.357,112.015,4591.484,1.089,6.58,2.264,98.885,30.978,1469.25,8340.1,1090.933,13.902,16286.666,686.814
127.312,86.832,66.024,2192.22,8741.8,973.9,567.32,297.17,184.86,237.57,34.073,45.639,10523.4,83.426,209.28,599.0,55.244,637.96,3061.0,1.306,59.166,0.069,90.218,2766.6,213020.0,17.763,83.426,22.424,51.496,210.5,0.63,0.056,17.393,613.1,3.737,3.038,2192.22,477.4,7.902,7.902,252.0,96.494,109.18,4502.967,1.087,6.578,2.116,99.175,29.198,1481.95,8615.35,1095.067,14.045,15939.738,651.824
134.398,94.288,68.03,2426.7,8948.2,1017.68,606.06,321.59,186.24,263.02,36.113,44.614,11257.4,85.488,222.16,617.3,60.016,639.2,3130.0,1.339,64.44,0.07,92.468,2729.8,196540.0,19.062,85.488,22.542,50.952,212.94,0.653,0.058,17.722,627.1,3.748,3.039,2426.7,449.6,8.272,8.272,250.02,97.019,110.641,4533.578,1.086,6.577,2.197,99.213,32.922,1508.6,8592.8,1114.433,14.309,16106.57,708.384
133.382,96.04,69.478,2532.2,8879.2,1022.9,624.88,330.05,186.12,275.85,37.275,44.602,11005.8,86.544,230.19,671.8,65.466,636.3,3105.6,1.385,68.434,0.071,95.526,2737.8,186280.0,19.174,86.544,23.424,54.98,213.72,0.667,0.06,17.619,617.1,3.766,2.782,2532.2,450.4,8.562,8.562,261.9,97.019,112.294,4500.475,1.104,6.575,2.084,98.056,34.433,1516.9,8385.4,1141.583,14.553,16312.158,718.658
132.204,94.798,69.08,2408.1,8551.2,994.4,606.36,322.65,180.18,269.14,36.772,43.043,10153.2,85.108,227.93,694.4,64.344,652.04,3124.8,1.402,71.252,0.069,90.352,2676.8,189260.0,18.991,85.108,23.056,55.572,210.22,0.673,0.062,17.483,616.7,3.755,2.486,2408.1,415.0,8.66,8.66,253.26,97.019,109.594,4288.091,1.125,6.571,2.065,96.224,32.108,1487.0,7888.1,1205.717,15.444,15918.038,690.45
136.312,99.585,71.34,2496.667,8634.833,1019.083,619.2,324.383,182.017,277.833,38.167,44.393,10139.667,87.268,234.325,692.75,69.203,650.017,3263.167,1.442,74.572,0.072,90.883,2599.167,197700.0,19.15,87.268,23.025,53.745,218.25,0.692,0.063,17.602,599.083,3.784,2.417,2496.667,417.0,8.795,8.795,239.233,97.019,111.876,4490.497,1.114,6.523,1.902,96.565,33.527,1522.9,8369.5,1214.617,15.451,16363.915,727.217
138.422,103.898,73.727,2574.625,8796.25,985.625,633.875,318.138,184.525,282.375,39.008,44.309,10562.25,89.963,231.088,689.5,70.392,640.525,3578.0,1.514,74.05,0.072,94.297,2644.75,198150.0,19.04,89.963,23.602,54.475,248.4,0.699,0.064,17.631,593.25,3.78,2.413,2574.625,419.25,8.97,8.97,242.525,97.019,114.201,4557.895,1.101,6.531,1.788,97.445,34.19,1561.7,8528.3,1226.5,15.138,16574.938,752.918
142.84,107.472,76.406,2700.0,9166.0,997.5,634.88,335.22,190.98,292.2,39.59,43.82,10663.6,91.566,232.82,693.9,71.136,626.08,3993.2,1.592,74.214,0.073,98.22,2835.0,184240.0,19.19,91.566,26.152,61.298,250.06,0.672,0.068,17.802,618.4,3.747,2.463,2700.0,432.6,9.552,9.552,243.46,97.019,167.895,4675.082,1.093,6.537,1.677,97.969,36.92,1576.5,8830.6,1243.9,15.024,16846.314,790.43
147.205,108.93,76.73,2736.25,9324.0,992.875,632.5,350.85,197.85,300.038,40.502,45.086,10803.75,94.745,235.2,717.125,71.338,646.3,4017.75,1.622,77.08,0.076,100.93,2870.0,191700.0,20.233,94.745,25.915,64.233,252.4,0.687,0.068,18.536,655.0,3.829,2.506,2736.25,435.25,10.158,10.158,252.225,97.019,119.255,4688.416,1.107,6.505,1.742,96.871,40.127,1565.2,8861.4,1260.65,15.514,17049.37,838.675
145.682,108.918,77.514,2713.8,9240.8,1022.9,617.88,350.79,199.32,305.57,39.58,44.779,10949.6,95.008,234.5,706.4,70.33,661.22,3940.6,1.638,79.278,0.076,104.846,2858.8,182800.0,20.999,95.008,24.608,68.506,250.1,0.69,0.072,18.027,669.9,3.863,2.552,2713.8,448.4,11.09,11.09,260.14,104.718,121.294,4762.71,1.12,6.491,1.863,95.815,40.353,1516.45,8637.3,1249.283,15.568,17378.042,849.416
147.458,109.964,79.434,2685.4,9223.0,1025.3,610.32,354.04,200.2,310.37,39.077,43.904,11095.2,95.594,237.02,692.8,70.83,704.3,3847.0,1.718,81.974,0.074,104.342,2840.0,183220.0,21.686,95.594,23.982,73.146,251.78,0.694,0.082,17.475,673.6,3.824,2.655,2685.4,441.0,11.92,11.92,256.28,103.539,122.681,4791.591,1.12,6.494,1.83,95.674,41.046,1479.417,8677.833,1233.74,15.535,17556.19,869.216
146.51,108.548,78.344,2608.3,8808.0,1028.1,597.46,353.74,201.62,302.74,39.114,44.62,10532.0,96.764,237.28,662.8,69.614,722.4,3864.2,1.797,83.93,0.074,103.2,2794.6,182820.0,22.009,96.764,23.448,73.884,250.72,0.691,0.084,17.515,678.7,3.855,2.647,2608.3,432.6,13.894,13.894,262.58,103.054,123.044,4853.419,1.131,6.481,1.922,95.259,40.137,1493.9,8436.0,1225.817,15.225,17672.6,860.622
144.902,108.9,76.608,2721.0,8655.0,1038.2,593.54,356.38,197.78,309.61,38.509,44.703,10382.4,97.392,234.83,657.4,70.488,742.1,3842.4,1.782,89.04,0.074,103.158,2799.6,184580.0,23.788,97.392,22.886,77.238,251.5,0.695,0.094,17.194,684.7,3.861,2.618,2721.0,420.2,15.06,15.06,260.36,101.725,121.939,4863.617,1.139,6.476,1.973,94.506,39.248,1503.95,8440.0,1230.917,15.114,17635.653,861.994
149.548,118.68,81.652,2806.8,8980.8,1095.8,601.96,354.19,199.54,318.13,37.338,43.62,10249.0,97.906,251.39,661.2,71.54,768.82,3798.8,1.79,87.604,0.076,103.974,2729.8,181380.0,24.136,97.906,23.2,79.34,250.46,0.691,0.095,18.573,695.0,3.882,2.591,2806.8,417.6,17.616,17.616,261.88,103.762,124.006,4907.105,1.133,6.469,1.963,94.435,43.343,1533.0,8829.25,1243.85,16.077,17802.567,910.798
157.44,120.774,82.956,2848.5,9377.6,1172.0,606.3,341.29,197.64,316.56,35.958,43.008,10154.4,96.884,256.41,667.6,74.06,796.02,4389.2,1.75,91.688,0.073,107.708,2893.8,182740.0,24.543,96.884,24.02,76.914,251.14,0.688,0.094,19.306,646.1,3.908,2.59,2848.5,425.6,20.186,20.186,288.42,106.838,126.449,4940.226,1.128,6.479,2.036,94.571,43.837,1613.45,9157.6,1242.667,16.759,18028.669,925.614
163.502,121.704,83.244,2786.8,9639.8,1228.9,616.38,351.4,195.42,337.29,35.566,42.749,9117.4,98.878,255.89,670.7,74.278,770.62,4762.2,1.822,90.54,0.071,104.692,2858.4,201500.0,24.109,98.878,24.042,75.992,252.12,0.69,0.098,19.454,642.2,3.918,2.614,2786.8,424.4,19.374,19.374,299.02,107.462,126.73,4845.451,1.133,6.483,2.106,94.237,46.36,1654.9,9224.65,1257.117,17.288,17923.307,940.292
160.723,120.84,82.453,2652.5,8889.667,1315.0,617.667,324.683,183.667,337.167,33.355,40.89,9083.333,94.747,258.667,651.167,72.93,716.933,4772.667,1.779,84.98,0.07,105.103,2858.667,204533.333,22.485,94.747,22.897,77.93,250.5,0.68,0.108,19.22,647.333,3.923,2.638,2652.5,423.5,19.017,19.017,298.967,105.06,124.757,4751.71,1.145,6.489,2.099,93.234,45.595,1620.0,9266.85,1287.467,17.514,17739.533,913.71
158.795,121.317,83.107,2650.25,8890.5,1282.75,622.85,322.537,185.25,322.438,33.495,41.099,8957.25,96.123,254.325,687.5,72.922,687.1,4749.75,1.726,83.963,0.069,105.04,2897.75,201500.0,24.205,96.123,22.295,80.07,252.6,0.672,0.109,19.389,638.375,3.948,2.611,2650.25,419.0,18.82,18.82,297.075,103.781,124.01,4755.314,1.137,6.513,2.122,94.128,46.388,1536.25,8655.5,1274.033,17.186,17720.838,915.485
151.756,122.166,83.318,2689.6,9053.0,1276.4,639.0,320.0,182.38,325.77,33.713,42.046,9271.6,97.236,258.43,762.2,76.182,698.22,4740.6,1.881,85.376,0.069,104.498,2883.4,191460.0,24.935,97.236,21.13,79.59,251.7,0.668,0.11,20.264,641.7,3.981,2.61,2689.6,434.3,21.916,21.916,298.46,103.124,123.299,4742.21,1.126,6.536,2.039,94.896,48.762,1538.55,8609.95,1267.2,16.973,17541.322,913.236
147.192,127.648,85.378,2662.8,9097.4,1299.4,653.84,307.19,176.04,317.77,33.5,41.494,9186.4,96.506,254.88,787.6,72.144,699.44,4700.2,1.93,84.09,0.069,105.736,2912.2,174120.0,26.181,96.506,20.736,81.392,254.64,0.645,0.12,20.685,686.8,3.983,2.629,2662.8,445.1,20.294,20.294,297.44,104.954,124.25,4871.4,1.116,6.555,2.072,95.402,49.202,1545.45,8346.25,1231.35,16.339,17750.999,903.062
145.442,132.452,90.736,2605.9,9000.6,1357.0,661.08,310.17,174.32,315.42,33.377,41.198,9268.6,96.758,254.43,793.6,70.764,677.78,4698.4,1.998,83.454,0.069,107.994,2831.2,169080.0,25.463,96.758,20.456,83.662,251.94,0.636,0.133,20.81,717.8,3.928,2.605,2605.9,449.3,19.802,19.802,293.44,106.011,125.687,4952.792,1.122,6.574,2.303,95.281,49.866,1544.35,8424.05,1218.433,16.09,17806.206,901.786
145.704,137.292,95.664,2649.2,8842.0,1431.2,666.58,324.65,177.3,335.31,33.599,40.915,9099.4,96.394,264.04,840.0,71.53,685.88,4704.2,2.176,79.99,0.072,111.412,2803.0,168040.0,25.424,96.394,20.176,85.482,250.48,0.609,0.126,21.994,754.7,4.013,2.657,2649.2,453.0,17.992,17.992,295.14,105.972,126.857,4951.964,1.132,6.567,2.502,94.027,51.14,1567.4,8773.85,1258.717,16.809,17943.444,942.53
140.558,128.192,89.183,2644.625,8542.25,1392.5,659.375,322.95,174.65,321.15,33.836,38.523,8773.5,94.422,260.25,799.375,70.345,651.7,4707.0,2.399,79.215,0.07,114.208,2764.75,172075.0,24.885,94.422,19.475,85.04,247.875,0.585,0.138,21.431,743.5,3.951,2.712,2644.625,461.625,16.948,16.948,300.45,101.997,123.696,4835.133,1.125,6.586,2.602,94.649,49.07,1606.6,8916.95,1290.35,17.425,17691.743,903.888
142.992,134.346,91.986,2683.3,8369.8,1402.0,653.24,327.0,176.06,339.27,33.577,38.789,8555.4,93.464,251.67,813.3,72.224,677.84,4688.6,2.551,80.984,0.069,116.844,2765.0,165080.0,24.834,93.464,19.442,84.542,249.44,0.602,0.141,20.812,783.1,3.953,2.74,2683.3,462.2,15.892,15.892,307.88,103.399,125.209,4826.295,1.126,6.591,2.687,94.115,50.043,1626.28,9159.15,1295.267,17.44,17765.872,930.63
139.464,131.3,89.322,2663.6,8457.2,1360.3,637.98,326.0,175.9,329.8,33.04,38.581,8686.6,92.01,241.38,861.6,69.438,687.3,4693.0,2.424,82.352,0.068,112.74,2770.6,166240.0,23.662,92.01,19.826,83.824,249.86,0.607,0.154,20.36,826.0,3.973,2.71,2663.6,459.5,16.448,16.448,312.32,99.438,121.544,4753.993,1.108,6.643,2.844,96.019,49.458,1628.55,9400.3,1327.717,18.302,17625.395,917.916
140.636,132.404,89.932,2756.5,8766.8,1389.9,637.22,319.32,174.48,325.4,32.407,39.567,8973.8,90.43,233.86,920.6,68.598,682.24,4686.2,2.526,83.208,0.068,112.592,2633.2,161340.0,24.492,90.43,20.886,86.908,248.38,0.611,0.164,21.276,843.4,3.987,2.629,2756.5,471.1,18.094,18.094,292.94,100.161,123.733,4878.587,1.109,6.678,2.827,96.087,48.482,1643.85,9865.25,1360.25,19.963,17951.071,928.398
143.738,139.024,95.388,2766.5,9153.4,1409.5,653.06,320.78,168.36,335.15,32.593,39.954,9436.2,86.734,235.96,937.8,69.946,699.68,4639.6,2.629,87.572,0.068,119.696,2547.8,161620.0,26.557,86.734,21.43,88.588,249.74,0.62,0.146,21.488,861.6,3.999,2.671,2766.5,487.1,15.754,15.754,297.44,103.09,127.112,5015.843,1.106,6.685,2.753,96.444,47.108,1658.15,10264.8,1344.317,20.301,18394.557,957.054
141.056,138.854,96.776,2836.1,9341.0,1364.6,647.92,321.27,163.28,332.17,32.031,33.299,9268.8,86.504,239.99,896.4,69.968,740.52,4547.0,2.632,91.728,0.068,116.854,2644.4,158000.0,28.367,86.504,22.794,86.684,248.6,0.653,0.149,21.68,900.0,3.943,2.782,2836.1,482.8,14.198,14.198,312.92,104.949,128.669,5071.024,1.102,6.686,2.722,96.952,46.745,1617.15,10541.3,1325.867,19.849,18555.661,950.386
139.618,136.93,95.998,2848.1,9413.8,1425.6,650.9,319.78,165.74,330.68,31.678,33.596,10219.4,85.968,249.43,934.1,70.864,767.84,4656.0,2.628,92.362,0.068,114.862,2691.6,162040.0,29.153,85.968,23.45,85.976,250.04,0.699,0.159,22.667,904.7,3.985,2.901,2848.1,497.7,14.426,14.426,320.24,105.425,129.228,5133.011,1.106,6.662,2.765,96.81,44.298,1598.7,10469.0,1330.3,19.882,18466.137,925.616
135.534,137.028,97.346,2823.7,9678.0,1421.9,648.1,321.18,170.48,325.02,30.502,31.823,10447.2,85.73,248.15,979.0,72.06,784.18,4654.0,2.577,93.484,0.067,113.132,2722.6,163640.0,30.424,85.73,22.78,86.46,250.02,0.691,0.159,23.302,892.9,3.946,2.878,2823.7,501.6,14.322,14.322,318.7,105.425,129.268,5173.405,1.114,6.641,2.798,95.63,43.257,1623.3,10667.45,1358.667,20.424,18394.393,919.814
137.446,139.22,98.728,2808.3,9891.2,1461.0,647.3,328.11,172.3,328.28,30.643,32.905,10799.4,86.686,251.12,974.4,73.796,797.54,4642.4,2.583,92.674,0.068,119.388,2674.4,161460.0,31.16,86.686,23.048,85.748,251.1,0.689,0.152,23.218,898.0,3.933,2.924,2808.3,508.2,13.234,13.234,328.2,107.888,131.246,5220.78,1.113,6.642,2.634,95.957,45.225,1636.4,10648.65,1345.9,19.882,18550.224,952.328
137.774,137.768,98.928,2938.3,9820.2,1468.9,671.82,333.13,174.64,345.79,30.508,33.038,10481.4,85.158,245.19,987.5,74.754,796.02,4598.8,2.615,92.17,0.067,126.728,2615.4,161800.0,32.797,85.158,23.172,83.572,258.06,0.698,0.152,22.947,894.3,3.948,2.88,2938.3,511.7,13.43,13.43,346.38,107.888,132.494,5239.113,1.127,6.638,2.608,94.892,49.273,1675.05,10304.95,1349.617,19.704,18583.083,970.606
136.758,141.062,101.428,3021.6,9795.8,1446.9,697.8,327.96,174.52,350.34,30.209,32.217,10429.4,83.25,236.88,972.8,74.92,805.62,4568.0,2.729,92.914,0.067,127.042,2586.6,159180.0,32.41,83.25,24.546,88.27,268.2,0.734,0.163,22.868,904.3,4.147,2.83,3021.6,520.2,13.822,13.822,353.84,107.888,132.525,5227.544,1.127,6.655,2.757,94.745,49.638,1645.05,10000.5,1333.65,18.734,18481.026,966.66
135.456,144.272,103.098,2966.8,9637.4,1446.9,689.18,322.68,175.6,346.9,30.951,32.307,10416.2,82.018,238.48,924.6,75.398,771.1,4604.0,2.847,90.646,0.07,129.058,2581.0,153840.0,30.831,82.018,24.162,98.814,274.22,0.784,0.173,22.616,886.7,4.159,2.815,2966.8,510.4,14.28,14.28,349.38,107.888,132.201,5228.951,1.117,6.677,2.842,95.771,47.873,1606.2,9832.3,1320.567,18.756,18454.509,957.164
140.104,151.904,108.312,3078.1,9801.4,1418.7,679.08,327.2,179.48,360.55,31.181,31.641,10661.2,82.34,242.71,904.4,80.468,787.62,4587.4,3.05,91.694,0.075,128.962,2585.8,150480.0,31.358,82.34,24.254,105.16,280.56,0.818,0.18,21.88,896.8,4.263,2.801,3078.1,509.0,16.356,16.356,366.7,107.888,132.901,5236.294,1.122,6.662,2.756,95.307,47.923,1570.35,10175.3,1340.1,19.566,18408.027,995.91
138.16,149.646,106.956,3044.4,9595.2,1330.4,660.16,317.26,177.92,365.36,31.309,30.662,10260.8,81.35,235.17,858.1,83.004,759.32,4610.4,3.163,86.348,0.075,123.148,2549.0,148240.0,30.365,81.35,23.386,104.362,280.66,0.774,0.172,20.863,890.5,4.197,2.794,3044.4,495.4,16.514,16.514,359.68,107.888,129.757,5206.234,1.122,6.672,2.9,95.439,46.888,1556.45,9794.4,1324.1,18.922,18153.187,971.042
136.648,150.862,108.718,3066.4,9586.4,1366.0,653.36,322.49,175.92,359.3,30.913,29.704,10527.4,80.642,232.23,864.2,86.82,768.2,4544.6,3.107,86.11,0.075,128.52,2571.6,139560.0,29.472,80.642,22.564,110.874,283.66,0.799,0.172,20.637,888.9,4.221,2.766,3066.4,517.3,16.674,16.674,348.18,107.888,130.895,5283.366,1.119,6.669,3.004,95.647,46.488,1593.95,10390.0,1328.283,19.508,18240.164,983.014
134.696,147.524,108.406,3049.7,9825.8,1354.4,671.54,320.31,179.66,344.93,30.476,29.587,10539.4,79.302,229.59,800.2,87.318,776.2,4510.2,3.167,84.938,0.073,125.224,2531.0,137680.0,29.339,79.302,21.834,116.884,290.26,0.79,0.176,20.397,884.7,4.244,2.854,3049.7,520.3,17.446,17.446,338.44,107.888,131.933,5292.581,1.123,6.669,2.974,95.332,48.365,1655.1,10536.2,1329.883,19.276,18223.409,984.874
135.68,148.512,109.456,3069.6,9538.6,1363.3,671.54,324.98,183.22,343.84,29.43,29.118,10507.4,79.302,229.59,714.6,90.136,790.16,4456.0,3.259,85.412,0.071,122.878,2442.2,136100.0,29.229,79.302,23.34,120.714,291.92,0.763,0.173,20.549,889.5,4.271,2.82,3069.6,511.1,17.134,17.134,355.5,107.888,131.911,5301.016,1.12,6.668,3.002,96.078,51.317,1666.45,10146.6,1281.467,18.03,18243.08,1001.792
137.964,148.918,112.174,3089.5,9415.6,1287.2,677.86,327.96,189.5,359.89,29.124,30.122,10290.0,80.194,227.62,657.3,89.576,812.22,4423.6,3.238,87.08,0.069,123.832,2430.0,140880.0,28.838,80.194,22.534,117.91,289.42,0.762,0.17,20.314,896.6,4.271,2.748,3089.5,508.2,16.286,16.286,339.52,107.888,130.246,5248.395,1.105,6.71,3.249,97.468,52.1,1678.25,10442.15,1258.733,17.559,18168.457,998.07
135.31,147.896,111.218,3047.3,9291.8,1220.1,664.28,331.41,190.0,345.19,27.753,29.891,10466.4,79.136,218.96,674.9,87.48,816.76,4404.0,3.274,89.606,0.068,121.142,2330.2,140840.0,28.684,79.136,21.526,121.58,286.84,0.785,0.167,20.518,890.1,4.179,2.719,3047.3,496.6,15.408,15.408,343.46,107.888,130.246,5237.696,1.094,6.748,3.168,98.104,51.912,1628.2,10184.25,1262.983,17.544,18152.417,986.664
135.142,149.978,112.21,3095.4,9331.4,1233.8,664.6,335.08,194.68,348.13,27.166,29.213,10472.4,78.988,215.73,675.7,87.64,849.3,4356.6,3.286,93.634,0.069,116.796,2323.0,153900.0,29.351,78.988,21.778,128.394,284.36,0.805,0.169,19.945,889.1,4.2,2.757,3095.4,474.8,15.538,15.538,350.96,107.888,129.954,5250.348,1.092,6.774,2.923,98.634,51.233,1675.55,10241.95,1270.583,17.668,18185.114,994.09
140.382,144.59,108.982,3043.25,9252.75,1225.375,649.9,357.112,200.5,348.15,27.89,28.795,10485.25,80.8,222.075,724.875,87.292,861.55,4438.25,3.426,100.34,0.068,115.308,2304.5,156037.5,31.439,80.8,23.227,132.535,283.725,0.79,0.168,19.69,895.0,4.263,2.872,3043.25,457.125,15.945,15.945,338.075,107.888,128.751,5110.611,1.107,6.762,2.886,97.647,47.62,1727.7,10389.0,1293.317,18.266,17992.229,982.415
143.744,149.084,109.786,3063.3,9683.2,1218.5,667.96,361.35,195.68,344.45,29.083,29.375,9802.2,81.498,221.38,718.3,83.514,891.82,4455.6,3.57,108.264,0.068,112.112,2343.2,164670.0,30.815,81.498,24.372,128.15,279.88,0.77,0.164,19.367,897.5,4.367,2.765,3063.3,468.2,16.274,16.274,333.0,107.888,130.239,5210.853,1.095,6.786,2.701,98.25,45.795,1742.45,11299.9,1279.317,18.199,18568.079,978.194
146.464,149.998,111.608,3071.9,10290.0,1176.5,690.7,378.6,198.08,338.02,29.54,29.57,10109.2,82.448,220.94,637.5,88.422,918.82,4452.0,3.863,115.976,0.068,110.826,2470.0,158240.0,31.865,82.448,26.05,129.64,277.96,0.786,0.176,19.33,892.7,4.317,2.765,3071.9,488.9,16.288,16.288,344.3,107.888,131.807,5288.709,1.068,6.86,2.749,100.384,45.96,1711.1,11162.05,1218.417,16.906,18886.966,983.426
150.302,156.948,115.3,3149.0,10370.4,1211.2,725.26,390.39,202.66,343.57,29.185,29.277,10433.4,83.28,225.87,607.5,89.508,952.36,4430.6,3.945,117.102,0.068,116.976,2561.8,163420.0,34.002,83.28,26.332,130.222,276.8,0.827,0.183,20.22,884.7,4.266,2.874,3149.0,509.8,16.208,16.208,369.76,107.888,132.711,5383.556,1.059,6.901,3.001,101.414,48.385,1759.65,11468.05,1198.033,16.513,19054.613,1019.208
150.13,158.854,116.166,3195.3,10537.8,1208.8,727.96,391.92,202.9,338.41,29.74,30.921,10363.4,84.442,234.56,610.6,91.47,972.22,4417.0,3.806,119.03,0.069,116.992,2562.2,179570.0,34.809,84.442,26.994,133.666,279.04,0.917,0.196,21.569,913.0,4.272,2.857,3195.3,503.5,16.032,16.032,370.36,112.692,133.331,5315.783,1.063,6.894,3.359,101.153,50.563,1728.45,11285.75,1183.733,16.603,19141.732,1030.138
152.654,163.992,119.684,3317.0,10957.2,1234.6,764.98,419.05,220.82,361.41,30.564,32.408,10586.4,86.928,251.75,608.5,92.44,1000.76,4445.0,3.759,117.232,0.07,119.642,2615.8,194640.0,34.237,86.928,28.562,142.932,280.74,0.952,0.201,22.806,960.1,4.244,2.917,3317.0,509.5,16.146,16.146,368.82,115.797,134.873,5379.183,1.066,6.886,3.632,100.835,53.922,1729.75,11403.9,1171.75,16.917,19478.518,1080.67
157.846,174.964,128.38,3358.2,10668.0,1270.7,786.7,400.66,229.88,399.99,30.63,32.409,10579.4,86.964,262.29,600.3,97.912,962.44,4444.4,3.823,113.194,0.073,124.718,2568.4,201800.0,34.271,86.964,27.638,149.862,273.84,0.968,0.204,22.509,950.6,4.24,2.932,3358.2,480.6,15.852,15.852,381.18,116.968,135.228,5441.411,1.052,6.923,3.489,101.941,55.127,1741.45,11267.5,1149.483,16.685,19839.834,1147.058
152.456,173.212,128.204,3393.7,10212.6,1253.0,774.42,402.85,225.06,395.37,30.457,31.587,10575.0,84.238,255.53,596.2,97.072,919.74,4449.2,3.79,112.034,0.072,120.214,2517.0,198040.0,33.738,84.238,26.044,154.79,280.5,0.908,0.197,22.702,964.9,4.264,2.811,3393.7,480.7,15.702,15.702,385.26,116.175,134.616,5464.532,1.043,6.947,3.488,103.025,55.07,1723.0,10714.05,1135.717,15.949,19931.139,1131.44
151.5,171.778,129.076,3412.8,9992.2,1239.7,771.54,411.64,227.52,397.29,30.343,31.482,10637.4,83.802,252.08,618.1,96.61,917.84,4418.0,3.795,113.612,0.073,121.226,2560.2,198900.0,33.274,83.802,25.978,152.924,286.88,0.917,0.2,22.68,967.3,4.292,2.839,3412.8,486.8,15.078,15.078,385.66,115.855,134.339,5435.3,1.047,6.948,3.777,102.822,56.82,1704.45,10170.2,1149.0,15.966,19840.945,1139.068
155.81,174.665,134.34,3449.625,10126.25,1255.75,767.325,434.825,239.3,404.35,31.754,32.674,11085.5,85.118,259.863,655.375,100.887,943.6,4514.0,4.09,115.155,0.072,127.805,2588.25,204550.0,33.005,85.118,27.072,148.6,289.0,0.925,0.206,23.285,975.125,4.28,2.894,3449.625,496.875,15.117,15.117,382.7,117.288,135.054,5478.77,1.05,6.928,3.311,102.314,56.5,1697.875,10181.25,1169.1,16.449,19922.425,1179.727
156.916,168.434,128.354,3353.6,10140.2,1298.7,752.62,431.35,237.5,394.97,31.337,32.198,10174.6,85.318,258.42,669.0,100.252,954.52,4522.6,4.095,114.286,0.07,132.962,2691.0,212640.0,33.75,85.318,27.05,150.608,287.34,0.958,0.205,23.54,1021.7,4.296,2.953,3353.6,487.7,15.088,15.088,374.32,118.163,136.462,5553.291,1.059,6.913,3.304,101.748,55.408,1764.3,10348.0,1189.767,16.742,19895.456,1164.85
152.574,165.934,124.174,3214.4,9575.0,1305.8,730.8,418.72,229.7,387.83,31.361,32.143,9776.0,84.552,266.57,682.2,100.26,937.44,4610.4,3.859,112.24,0.069,131.346,2745.8,210930.0,34.285,84.552,28.732,160.506,282.54,1.038,0.21,24.486,1021.8,4.3,2.97,3214.4,473.5,15.06,15.06,370.76,117.788,136.98,5547.449,1.066,6.871,3.369,100.918,55.02,1812.9,10034.0,1207.65,17.026,19798.453,1146.956
150.096,171.994,128.354,3288.8,9605.4,1370.9,749.22,417.65,222.2,390.61,31.925,32.995,9785.8,83.658,271.19,686.7,104.53,947.44,4603.8,3.918,113.454,0.069,133.758,2796.2,205070.0,36.093,83.658,32.09,164.462,284.7,1.044,0.222,24.812,1002.9,4.289,2.851,3288.8,477.7,14.844,14.844,380.14,118.858,138.702,5625.239,1.071,6.87,3.301,100.292,55.647,1838.3,9649.0,1201.3,17.038,19995.827,1162.414
149.68,173.466,129.366,3377.6,9918.6,1378.0,761.34,409.16,226.96,399.25,32.304,34.535,9610.0,83.968,275.62,693.7,105.468,954.76,4595.8,4.048,118.62,0.069,134.992,2857.8,207020.0,40.384,83.968,35.64,175.094,284.76,1.058,0.239,24.037,997.1,4.274,2.806,3377.6,473.9,15.386,15.386,380.52,119.047,138.618,5634.822,1.076,6.868,3.172,99.907,56.048,1824.6,10119.0,1209.667,17.392,19937.179,1173.828
145.002,170.368,129.158,3305.6,10052.8,1358.2,751.06,400.84,226.74,383.83,32.542,35.209,9726.2,84.734,272.64,714.4,104.394,928.88,4479.2,3.973,120.11,0.069,132.56,2656.8,193220.0,41.4,84.734,32.948,176.5,287.94,1.087,0.251,23.961,978.4,4.258,2.771,3305.6,472.4,15.942,15.942,371.7,119.947,139.36,5693.906,1.069,6.871,3.091,100.234,55.828,1848.2,10443.0,1233.117,17.717,20128.444,1169.956
139.764,164.576,125.758,3234.1,9849.4,1357.8,753.82,381.15,221.86,364.97,31.925,34.519,9947.6,82.792,273.35,703.1,100.028,904.8,4448.4,3.912,121.962,0.068,127.638,2522.4,189440.0,41.086,82.792,31.32,173.95,291.86,1.073,0.256,23.162,987.8,4.248,2.772,3234.1,442.7,15.802,15.802,371.06,122.311,141.684,5803.889,1.061,6.867,2.913,100.93,55.897,1892.3,10897.0,1233.2,17.957,20555.144,1169.61
137.57,165.963,126.44,3184.75,9590.0,1396.875,773.95,363.913,221.15,348.25,31.033,34.365,9284.0,79.54,278.9,715.25,97.04,876.525,4451.5,3.811,118.775,0.068,125.438,2553.75,186475.0,39.565,79.54,30.417,169.35,290.7,1.021,0.238,22.657,985.0,4.264,2.689,3184.75,418.0,16.18,16.18,370.85,122.888,142.08,5851.039,1.057,6.871,2.662,101.098,56.217,1887.3,10847.0,1242.05,18.058,20788.372,1146.785
133.804,160.95,122.14,3102.4,9333.0,1349.3,749.86,355.56,217.38,335.41,29.651,32.261,9179.6,78.78,274.54,682.9,93.966,837.48,4457.2,3.774,112.548,0.066,123.496,2441.0,181370.0,37.42,78.78,29.82,170.09,290.56,0.949,0.212,22.213,954.7,4.253,2.588,3102.4,404.6,16.204,16.204,375.36,122.673,142.464,5863.964,1.058,6.883,2.761,101.499,56.042,1912.2,10963.0,1245.083,18.206,20955.49,1106.844
131.317,159.17,118.972,3036.625,9011.75,1360.625,730.95,352.188,211.075,323.738,29.059,31.799,9174.75,76.562,263.8,654.375,90.32,810.175,4454.5,3.6,108.73,0.065,114.115,2396.75,176400.0,34.683,76.562,28.328,157.525,290.525,0.938,0.186,21.764,935.25,4.225,2.48,3036.625,404.875,16.055,16.055,382.55,122.421,142.075,5844.238,1.061,6.903,2.932,101.725,54.043,1877.6,10397.0,1213.967,17.395,20899.906,1077.683
128.664,158.408,119.408,3088.8,9068.4,1358.7,724.9,364.9,207.18,315.35,28.605,32.131,9450.2,76.262,267.73,692.9,89.77,822.82,4445.6,3.882,110.942,0.065,112.926,2359.0,180260.0,35.539,76.262,28.936,157.21,296.12,0.945,0.183,22.02,920.4,4.296,2.534,3088.8,399.2,16.654,16.654,385.86,123.14,143.078,5886.881,1.07,6.905,2.978,100.761,51.595,1889.2,10233.0,1215.117,17.191,20904.33,1080.724
130.156,163.674,125.22,3079.5,9129.4,1303.4,740.44,360.72,207.76,316.22,29.635,33.468,9534.0,77.9,285.09,732.9,94.676,827.08,4386.8,4.083,112.768,0.067,114.272,2388.0,200350.0,37.556,77.9,29.162,163.12,285.36,0.954,0.191,21.973,917.9,4.305,2.686,3079.5,397.0,18.548,18.548,381.78,122.207,143.591,5833.235,1.078,6.888,3.034,99.746,51.068,1927.7,10058.0,1240.317,17.552,20698.393,1123.042
128.64,162.574,122.606,3016.4,8961.0,1258.2,723.3,352.16,207.04,319.76,29.37,32.731,9423.8,76.56,281.08,717.4,93.146,821.36,4443.8,4.093,112.686,0.066,113.208,2374.8,179200.0,37.242,76.56,28.828,166.74,284.98,0.931,0.178,22.475,932.5,4.317,2.68,3016.4,386.2,18.154,18.154,375.88,121.884,143.469,5887.829,1.075,6.881,3.143,99.709,52.12,1950.1,9986.0,1250.667,18.102,20661.4,1123.234
129.186,164.476,123.292,3036.4,9063.6,1265.6,726.2,360.07,209.94,334.44,29.615,32.567,9404.8,77.402,279.48,721.9,91.232,841.8,4423.2,4.134,111.848,0.067,114.366,2396.6,176640.0,36.695,77.402,29.578,172.27,283.22,0.956,0.185,22.764,933.6,4.408,2.688,3036.4,387.8,19.982,19.982,373.62,121.17,143.241,5882.913,1.065,6.89,3.249,100.544,54.168,1953.4,10097.0,1257.15,18.244,20662.028,1134.73
124.92,152.544,114.488,2929.6,8865.8,1268.4,702.08,335.08,209.5,324.09,27.641,30.901,9174.0,75.068,273.88,767.4,88.442,800.66,4400.2,4.012,106.192,0.064,106.05,2344.0,172070.0,35.972,75.068,28.098,164.43,281.08,0.865,0.174,21.326,906.3,4.345,2.582,2929.6,382.5,20.378,20.378,374.9,120.383,142.803,5846.562,1.061,6.888,3.215,100.67,55.794,1915.0,9823.0,1273.66,18.262,20589.303,1083.32
122.492,155.758,115.918,2855.1,8621.6,1334.3,682.2,326.04,208.1,318.14,26.776,29.53,9085.6,73.716,268.38,763.6,89.714,776.1,4397.6,3.93,102.118,0.064,108.054,2288.0,178830.0,34.705,73.716,27.006,163.95,282.58,0.868,0.176,21.135,865.4,4.364,2.588,2855.1,370.8,20.022,20.022,378.56,120.474,142.857,5879.318,1.069,6.882,3.161,99.858,54.015,1923.875,9403.75,1285.917,18.206,20538.925,1081.51
132.358,163.998,124.7,2909.8,8789.0,1422.7,697.68,348.94,220.72,320.42,27.875,30.637,8851.4,75.164,275.5,740.5,95.76,783.56,4402.6,4.013,106.536,0.067,114.564,2393.0,195400.0,34.499,75.164,28.874,175.97,287.14,0.904,0.192,21.781,860.3,4.424,2.563,2909.8,353.9,19.49,19.49,378.22,123.133,146.72,6026.293,1.09,6.888,3.171,98.878,52.043,1945.1,9331.0,1270.233,17.545,20932.095,1115.586
135.418,165.663,127.683,2806.375,8740.75,1557.0,693.025,367.225,242.8,312.525,28.421,31.251,8811.75,74.868,256.45,735.75,95.428,777.975,4396.75,4.064,107.523,0.067,116.635,2417.75,192575.0,35.809,74.868,28.137,183.0,289.5,0.885,0.193,16.334,887.625,4.419,2.545,2806.375,369.75,18.66,18.66,382.525,123.516,147.962,6086.903,1.094,6.896,3.227,98.808,50.48,1917.25,9232.5,1246.85,16.707,20956.64,1095.868
132.597,169.49,128.383,2871.0,8521.0,1581.5,683.967,373.783,260.933,311.633,28.8,31.295,9045.0,75.07,253.333,753.667,94.007,764.667,4477.0,4.094,105.967,0.066,115.843,2419.0,191466.667,34.422,75.07,27.653,187.15,289.8,0.901,0.193,14.28,893.5,4.42,2.569,2871.0,365.333,19.043,19.043,384.833,123.568,148.363,6117.917,1.091,6.902,3.289,99.181,49.975,1875.4,9225.0,1226.067,16.332,20950.147,1105.74
129.158,169.324,130.782,2872.7,8405.8,1603.5,681.88,389.81,270.24,309.94,27.927,29.948,9260.6,73.972,243.66,769.0,90.39,738.94,4469.8,3.919,108.782,0.066,105.908,2375.8,174810.0,32.341,73.972,27.436,186.14,290.28,0.846,0.187,13.047,894.7,4.437,2.53,2872.7,361.5,18.928,18.928,385.54,123.064,147.791,6093.785,1.109,6.884,3.272,98.012,52.03,1926.4,9199.0,1245.283,16.736,20807.999,1100.356
122.312,164.958,131.584,2806.9,8292.0,1596.5,677.26,391.77,272.74,307.42,28.294,29.453,9341.4,72.452,243.62,757.4,90.396,748.56,4442.8,3.995,107.774,0.067,100.952,2325.4,166580.0,31.755,72.452,27.206,192.87,292.02,0.82,0.178,12.669,911.7,4.362,2.516,2806.9,358.5,18.572,18.572,386.96,123.416,148.978,6169.962,1.12,6.873,3.245,97.097,53.332,1949.7,9200.0,1258.3,17.122,21002.387,1084.912
120.636,158.322,127.394,2761.3,7943.0,1525.8,636.26,383.81,287.48,303.25,29.244,28.718,9136.4,71.574,243.08,736.1,88.814,741.32,4432.0,3.982,110.516,0.066,100.956,2303.6,159540.0,31.027,71.574,27.162,188.63,304.22,0.817,0.167,12.555,908.7,4.257,2.562,2761.3,347.1,18.108,18.108,387.66,123.478,150.427,6238.583,1.122,6.83,3.12,97.089,51.45,1930.5,8906.25,1268.55,17.342,21097.86,1061.102
119.354,152.476,123.174,2734.0,7952.6,1527.7,620.18,363.52,270.96,305.81,26.517,27.6,9190.2,70.278,249.6,729.5,86.78,724.7,4448.8,3.925,108.708,0.065,103.826,2265.2,159290.0,29.61,70.278,27.41,190.6,305.24,0.811,0.162,13.109,889.0,4.238,2.621,2734.0,343.1,17.308,17.308,388.92,124.282,151.584,6279.561,1.124,6.799,3.03,96.791,48.962,1905.1,8880.0,1283.017,17.488,21190.407,1039.974
116.252,142.407,113.465,2721.875,8084.0,1480.625,618.225,360.263,265.1,306.138,25.174,26.956,9509.5,70.27,243.225,692.375,82.23,706.575,4381.0,3.853,103.547,0.064,105.11,2195.0,159337.5,29.349,70.27,26.77,183.963,297.45,0.794,0.159,12.484,884.625,4.239,2.604,2721.875,347.375,17.265,17.265,390.2,125.675,151.675,6181.597,1.119,6.801,3.008,97.151,47.632,1882.6,8854.0,1264.033,16.878,21337.296,1007.778
118.278,144.348,115.132,2762.5,8143.2,1582.9,621.5,371.78,270.5,317.28,25.503,28.719,9452.2,70.066,241.8,684.3,83.034,710.1,4195.6,3.745,105.774,0.064,105.658,2316.0,159790.0,30.341,70.066,28.148,187.91,296.72,0.766,0.159,13.198,798.8,4.373,2.529,2762.5,359.9,18.296,18.296,390.08,125.155,152.107,6232.629,1.117,6.825,2.913,97.156,45.93,1875.6,9003.0,1252.033,16.579,21440.366,984.016
119.074,145.296,115.832,2837.4,8109.6,1585.3,635.9,375.52,273.2,327.34,25.658,28.58,9311.8,71.144,234.92,674.6,86.45,766.74,4115.816,3.885,113.624,0.064,106.572,2299.6,159910.0,32.939,71.144,28.232,190.92,299.3,0.785,0.168,12.287,819.3,4.484,2.516,2837.4,346.9,17.274,17.274,391.38,125.808,151.809,6182.591,1.134,6.803,3.04,96.126,47.113,1896.8,9226.0,1248.617,16.681,21363.017,1000.174
122.194,149.672,123.636,2929.1,8289.4,1565.5,651.16,380.22,277.52,326.26,26.514,28.467,9179.6,69.988,235.13,671.4,90.42,803.7,3943.888,3.783,119.458,0.064,107.45,2330.2,160010.0,34.309,69.988,29.858,205.82,301.82,0.808,0.175,12.539,840.1,4.528,2.421,2929.1,353.1,17.212,17.212,394.54,127.255,151.646,6125.864,1.138,6.796,2.918,95.767,48.568,1931.3,9142.0,1223.85,16.04,21423.678,1008.384
124.89,158.82,131.93,2896.0,8536.4,1720.7,635.02,372.47,264.06,319.33,26.619,29.112,9467.0,66.116,230.67,680.1,94.72,827.56,4011.774,3.783,123.082,0.064,112.614,2362.6,175530.0,35.192,66.116,30.366,216.8,294.36,0.798,0.18,12.194,858.7,4.549,2.427,2896.0,362.6,17.122,17.122,398.14,127.94,152.92,6243.497,1.143,6.792,2.967,95.523,47.857,1906.9,9221.0,1217.617,15.719,21508.838,1021.498
121.858,162.81,133.906,2870.8,8531.6,1856.6,622.3,381.47,269.44,316.95,26.671,28.663,9531.4,66.812,232.48,698.6,91.12,839.86,3918.728,3.808,124.978,0.064,111.794,2361.2,176540.0,35.405,66.812,31.718,210.76,296.4,0.798,0.172,11.329,827.0,4.553,2.454,2870.8,364.9,17.116,17.116,412.76,129.308,154.564,6364.422,1.157,6.76,3.027,94.449,48.818,1918.9,9608.0,1240.917,16.238,21608.14,1036.87
118.43,162.9,135.404,2828.0,8720.4,1872.9,614.32,384.77,266.2,310.67,26.456,28.33,9673.0,66.134,236.6,707.0,84.854,836.26,3904.606,3.788,124.756,0.063,109.686,2391.8,178600.0,33.994,66.134,31.762,205.65,288.14,0.794,0.169,11.082,762.4,4.53,2.438,2828.0,351.3,17.16,17.16,420.9,130.324,154.276,6400.88,1.169,6.747,2.937,93.618,50.423,1926.6,10034.0,1257.667,16.546,21693.626,1017.948
118.442,168.094,137.5,2886.6,9064.2,1744.6,613.82,389.49,265.96,316.48,27.288,29.483,9423.2,65.738,239.47,725.54,84.178,843.96,3928.95,3.803,127.396,0.061,109.122,2378.2,177230.0,34.465,65.738,34.252,204.68,293.7,0.766,0.168,11.966,741.9,4.503,2.437,2886.6,360.7,17.224,17.224,406.88,131.411,154.734,6352.809,1.181,6.722,2.816,92.935,52.21,1914.9,10299.0,1271.45,16.595,21998.781,1019.788
118.566,173.238,141.63,2918.4,9183.8,1788.2,616.26,389.1,273.82,309.89,27.047,29.568,9399.2,64.996,241.81,723.0,81.964,850.14,4088.4,3.823,133.7,0.061,113.026,2411.2,178330.0,36.416,64.996,39.59,206.62,291.26,0.791,0.171,11.488,775.8,4.499,2.331,2918.4,356.2,17.206,17.206,405.36,130.74,154.467,6316.043,1.178,6.685,2.876,93.287,52.233,2020.8,10684.0,1278.233,16.683,21991.701,1033.604
116.792,172.022,140.922,2854.8,8872.2,1799.7,599.94,379.21,274.46,302.75,26.409,28.938,9396.4,65.174,243.74,710.02,80.09,845.2,4321.0,3.849,129.878,0.06,112.782,2408.2,176230.0,36.599,65.174,39.636,209.08,294.1,0.83,0.171,11.675,798.4,4.462,2.295,2854.8,355.9,17.232,17.232,406.06,129.319,153.373,6291.293,1.176,6.674,2.931,93.416,51.288,2059.2,10628.0,1288.117,16.958,21889.301,1030.048
116.416,175.302,144.634,2890.8,9115.2,1763.0,605.04,381.52,274.64,301.55,26.627,28.607,9680.6,65.718,248.55,712.8,77.83,864.26,4315.2,3.85,127.444,0.06,107.692,2421.0,175940.0,37.842,65.718,40.564,209.15,295.68,0.832,0.171,11.466,812.1,4.572,2.308,2890.8,351.2,17.258,17.258,407.32,129.127,153.182,6265.196,1.183,6.657,2.931,93.112,52.122,2088.2,11555.0,1293.083,16.992,21803.296,1045.828
118.124,182.882,154.096,2914.9,9571.0,1753.8,597.42,385.31,271.14,303.41,26.795,28.758,10457.4,66.506,259.86,700.4,81.18,890.28,4520.2,3.882,133.428,0.063,105.378,2344.8,175890.0,39.424,66.506,40.13,197.53,291.4,0.844,0.175,11.519,805.1,4.584,2.383,2914.9,355.2,17.15,17.15,411.0,129.603,154.558,6363.301,1.191,6.582,2.974,92.503,51.948,2113.5,11817.5,1316.983,17.465,21901.111,1083.432
117.686,184.25,159.826,2899.7,9719.6,1844.9,601.14,389.83,263.8,305.88,27.479,29.058,10550.2,66.248,270.4,673.28,78.23,902.7,4688.2,3.837,131.34,0.061,111.244,2292.2,172260.0,40.353,66.248,40.652,197.31,305.88,0.818,0.173,13.569,797.0,4.548,2.315,2899.7,372.0,17.276,17.276,419.1,128.896,155.778,6381.879,1.196,6.516,2.986,92.114,53.375,2106.1,12040.0,1345.633,18.008,21786.616,1105.94
122.474,189.262,160.364,2951.4,9655.8,1879.9,605.34,390.91,273.18,316.51,28.002,29.261,10601.2,66.286,285.99,650.1,80.664,911.06,4675.6,3.895,132.294,0.063,112.74,2312.2,175120.0,42.54,66.286,42.278,196.52,314.6,0.818,0.174,13.745,810.1,4.468,2.375,2951.4,368.6,17.428,17.428,421.68,130.311,157.731,6444.857,1.195,6.532,3.008,91.927,54.658,2113.0,11505.0,1331.4,17.817,22161.994,1123.694
122.202,186.858,158.262,3000.8,9627.2,1886.4,636.74,399.65,289.7,315.88,28.638,29.628,10352.2,68.72,287.52,637.94,80.446,897.36,4588.0,3.843,129.154,0.062,115.824,2340.8,177170.0,42.334,68.72,43.95,188.82,310.86,0.812,0.172,13.605,812.8,4.372,2.416,3000.8,364.3,17.666,17.666,428.02,131.777,159.557,6444.324,1.194,6.575,3.055,91.877,55.98,2145.1,11004.0,1308.533,17.237,22365.467,1118.73
122.824,192.346,157.282,3051.0,9694.8,1859.5,659.06,410.33,290.98,322.07,29.32,29.518,10116.4,68.796,281.73,653.54,82.65,872.46,4426.0,3.768,131.316,0.062,115.92,2343.8,176660.0,43.38,68.796,42.61,184.13,316.34,0.83,0.173,13.562,809.1,4.546,2.409,3051.0,359.9,17.804,17.804,423.06,131.771,159.629,6430.186,1.181,6.636,2.985,92.752,57.425,2129.7,10467.0,1294.017,16.904,22342.236,1129.41
122.282,193.086,159.076,3050.2,10248.2,1925.6,669.8,413.55,294.46,318.0,29.39,29.445,9991.0,67.784,278.95,653.02,81.228,887.28,4542.4,3.74,136.702,0.061,118.202,2356.8,177390.0,44.389,67.784,44.23,183.55,320.6,0.845,0.171,13.072,786.7,4.586,2.423,3050.2,353.0,18.006,18.006,422.04,133.181,160.991,6551.719,1.174,6.653,2.927,93.419,56.153,2145.2,10580.0,1275.7,16.676,22682.76,1134.816
125.608,195.006,159.374,3036.6,10322.4,1867.3,671.74,426.43,304.16,319.61,29.71,29.707,9744.0,67.844,284.79,668.72,81.512,902.56,4603.4,3.738,135.514,0.061,118.582,2368.2,179240.0,44.851,67.844,41.822,181.7,322.16,0.874,0.173,13.168,816.6,4.527,2.473,3036.6,349.1,18.2,18.2,420.0,134.098,161.941,6593.577,1.18,6.597,2.917,93.154,56.373,2150.7,11270.0,1294.25,17.189,22836.245,1142.246
126.244,195.076,161.63,3002.6,10697.8,1830.5,662.38,423.3,308.34,324.46,29.551,29.581,9208.4,66.456,282.92,684.58,79.286,899.94,4724.0,3.72,133.916,0.06,120.314,2330.0,183560.0,45.403,66.456,39.666,181.39,313.14,0.857,0.169,13.408,824.2,4.589,2.565,3002.6,353.4,18.466,18.466,419.18,134.59,162.941,6620.965,1.18,6.609,2.924,93.236,57.875,2136.2,11756.0,1288.933,17.146,23121.515,1145.148
125.592,193.136,159.578,3016.1,10537.2,1872.0,653.9,416.35,305.2,315.83,29.191,28.638,8169.0,67.326,283.01,682.66,76.082,909.56,4668.8,3.631,134.99,0.06,118.762,2276.0,183760.0,44.673,67.326,39.114,183.71,313.46,0.823,0.163,13.323,816.8,4.525,2.573,3016.1,366.5,18.016,18.016,415.54,134.655,163.694,6601.026,1.171,6.638,2.919,94.001,58.585,2173.4,11829.0,1276.717,16.95,23376.835,1122.61
125.99,194.1,159.766,3123.4,11026.6,1947.3,651.42,436.24,317.64,319.82,29.411,29.277,7617.0,68.622,283.93,684.4,76.272,902.28,4783.4,3.538,132.892,0.06,118.756,2342.4,184390.0,43.849,68.622,38.886,171.23,311.18,0.821,0.161,13.102,816.4,4.549,2.568,3123.4,365.5,18.0,18.0,420.9,134.608,164.429,6724.022,1.163,6.63,2.952,94.658,60.878,2170.6,12301.0,1274.65,16.913,23444.08,1118.386
132.145,213.2,182.753,3343.375,11482.5,1908.125,673.925,490.075,354.05,332.312,30.304,31.076,7338.0,71.05,290.262,692.525,75.877,897.85,4879.75,3.615,131.24,0.061,126.665,2441.0,182462.5,45.35,71.05,40.625,162.338,312.85,0.845,0.163,13.123,825.5,4.613,2.677,3343.375,365.75,18.075,18.075,418.95,134.143,164.587,6768.623,1.163,6.635,3.153,94.623,63.54,2120.5,12590.0,1278.967,17.002,23511.426,1153.865
131.262,223.422,187.896,3311.1,11056.2,1899.6,665.48,478.25,347.14,309.14,29.448,30.232,6736.0,69.096,287.64,699.1,74.578,896.22,5077.8,3.589,132.786,0.056,123.854,2530.4,180260.0,45.753,69.096,41.282,161.23,313.1,0.82,0.163,12.133,807.5,4.544,2.691,3311.1,354.4,18.07,18.07,412.8,133.406,162.319,6755.551,1.175,6.628,3.108,93.944,62.503,2105.2,11789.0,1281.233,17.05,23388.2,1132.23
132.038,227.882,190.2,3348.9,10637.2,2005.6,669.26,483.15,352.66,301.59,29.283,30.096,6710.2,67.418,283.88,709.84,77.616,904.76,5053.2,3.632,132.878,0.053,125.36,2540.0,181740.0,45.818,67.418,39.126,163.39,307.44,0.84,0.167,11.688,807.7,4.395,2.698,3348.9,354.6,17.89,17.89,373.94,134.358,163.937,6852.428,1.183,6.61,2.973,93.463,63.01,2103.4,11867.0,1286.767,17.053,23527.127,1152.03
133.48,226.162,188.414,3330.6,10166.6,1967.5,664.0,469.6,349.1,296.25,28.299,29.213,6426.2,64.702,282.77,708.82,78.21,906.32,4997.4,3.694,130.54,0.052,124.822,2473.6,181740.0,44.851,64.702,36.538,154.69,301.72,0.821,0.165,11.035,803.0,4.315,2.673,3330.6,344.1,17.67,17.67,366.64,135.773,165.383,6867.356,1.189,6.608,3.045,92.963,63.153,2081.0,11416.0,1287.65,16.73,23973.231,1145.908
133.408,222.592,184.342,3391.9,10109.8,1922.5,670.86,507.83,375.72,292.95,27.619,28.972,6382.0,63.77,257.86,673.2,75.136,880.62,4774.8,3.599,137.018,0.051,119.128,2495.6,175750.0,44.403,63.77,36.066,144.88,317.0,0.81,0.161,11.128,783.6,4.297,2.631,3391.9,323.2,17.04,17.04,401.2,136.473,165.027,6793.375,1.181,6.618,2.915,93.43,62.618,2036.5,11015.0,1265.0,16.082,24231.266,1127.71
135.424,226.764,192.016,3447.5,10597.2,1940.7,689.18,503.46,389.1,299.97,29.043,29.659,6503.0,64.358,255.82,673.96,74.848,898.78,4565.2,3.588,144.492,0.051,121.126,2554.8,180020.0,44.598,64.358,37.708,141.21,310.68,0.82,0.162,10.521,762.7,4.272,2.624,3447.5,345.0,17.25,17.25,405.4,137.365,165.511,6881.467,1.177,6.614,2.733,93.811,63.36,2033.5,11235.0,1253.35,15.929,24528.16,1147.464
132.966,224.508,190.382,3370.0,10637.4,1876.7,678.56,485.1,382.0,294.2,28.334,28.868,6267.6,64.092,265.23,691.7,74.79,882.06,4563.2,3.439,143.49,0.047,112.694,2528.6,176120.0,42.874,64.092,38.714,139.79,307.02,0.747,0.163,9.715,779.7,4.267,2.586,3370.0,340.2,17.16,17.16,401.96,138.353,167.199,6968.879,1.183,6.591,2.684,93.082,64.207,2126.6,11949.0,1268.45,16.227,24762.826,1134.898
131.036,224.65,189.97,3308.6,10689.8,1865.9,675.3,480.78,365.06,294.27,27.78,28.147,6271.2,63.714,280.63,699.14,75.028,882.36,4433.4,3.378,146.94,0.047,109.288,2485.8,180870.0,42.039,63.714,39.97,138.76,317.34,0.726,0.163,12.728,818.7,4.604,2.541,3308.6,334.6,16.98,16.98,401.76,138.941,168.389,6932.283,1.192,6.53,2.819,92.445,66.37,2270.333,12351.667,1293.82,16.757,24770.146,1148.568
135.07,236.433,201.277,3497.333,11484.0,1954.667,697.8,496.567,369.4,305.633,28.1,28.505,6612.667,63.683,279.65,717.967,76.57,908.467,4471.0,3.502,149.487,0.05,108.85,2500.333,181566.667,43.012,63.683,42.733,145.533,327.567,0.751,0.163,12.375,823.333,4.727,2.563,3497.333,353.833,17.167,17.167,406.167,140.356,170.836,7071.55,1.203,6.496,2.955,91.707,67.525,2236.375,12572.5,1315.68,17.152,25030.268,1205.707
143.0,238.727,199.523,3716.25,11648.0,1963.25,686.85,511.525,386.375,320.55,28.499,28.739,6652.75,64.29,288.7,707.85,76.678,953.2,4413.0,3.448,150.785,0.051,112.812,2533.75,180737.5,44.801,64.29,41.52,148.425,322.05,0.769,0.165,12.691,836.75,4.718,2.592,3716.25,355.25,17.488,17.488,407.325,143.04,175.366,7189.475,1.204,6.49,2.988,91.726,68.787,2183.5,12676.0,1322.467,17.113,25484.03,1243.402
147.292,241.252,202.532,3854.1,11530.6,2039.0,691.88,540.86,401.18,325.01,29.741,30.261,6376.8,65.43,290.51,694.04,79.348,947.82,4498.8,3.476,152.566,0.051,112.842,2539.8,182120.0,44.821,65.43,41.308,140.34,309.1,0.778,0.167,12.658,841.9,4.721,2.6,3854.1,366.9,17.95,17.95,404.6,145.598,177.942,7288.543,1.223,6.426,3.164,90.515,69.405,2215.2,12594.0,1335.267,17.171,26000.388,1268.058
149.158,246.712,205.282,3841.5,11393.6,2142.3,710.54,571.01,413.1,343.15,30.396,31.438,6138.6,66.194,301.93,683.4,83.0,947.18,4541.6,3.717,153.894,0.05,115.102,2526.6,182430.0,44.659,66.194,41.258,137.25,309.38,0.787,0.178,12.427,838.7,4.745,2.691,3841.5,388.7,17.7,17.7,397.8,148.425,179.583,7440.271,1.235,6.354,3.422,89.566,69.73,2243.0,13287.0,1345.483,17.261,26338.295,1291.862
144.2,258.66,212.662,3755.3,11553.0,2175.7,723.8,573.37,410.02,343.3,29.584,30.436,5231.0,66.302,306.41,658.62,81.488,929.12,4554.0,3.798,149.526,0.049,116.56,2453.6,181680.0,45.431,66.302,41.694,134.59,306.12,0.737,0.175,12.173,839.8,4.69,2.563,3755.3,391.7,17.45,17.45,403.8,148.076,178.493,7381.456,1.244,6.307,3.068,88.914,69.157,2221.6,13638.0,1343.183,17.106,26075.566,1279.746
139.976,255.092,208.07,3689.2,11273.6,2118.1,727.9,552.48,400.02,331.1,28.951,30.07,4818.6,65.392,299.61,616.04,83.91,918.74,4419.2,3.736,143.776,0.048,113.224,2369.6,177800.0,44.907,65.392,41.912,137.43,305.6,0.732,0.171,11.662,824.9,4.636,2.557,3689.2,385.2,16.67,16.67,432.8,140.583,168.473,6957.408,1.231,6.291,2.724,89.782,65.952,2165.7,13265.0,1327.5,16.519,24441.471,1227.094
138.032,261.39,211.49,3715.2,11400.6,2223.4,729.3,553.75,393.18,325.04,28.338,29.842,4776.8,65.428,303.19,627.38,85.544,936.7,4439.2,3.734,147.492,0.048,110.734,2442.8,178840.0,45.361,65.428,40.578,138.23,313.72,0.756,0.177,12.306,823.3,4.658,2.633,3715.2,386.0,16.09,16.09,440.42,140.356,168.014,7126.997,1.238,6.333,2.585,89.373,63.613,2151.9,13570.0,1343.1,16.66,24911.833,1240.706
142.4,272.69,219.86,3775.875,11227.75,2434.625,733.225,582.412,411.65,329.2,28.804,29.75,4693.0,66.002,309.475,620.125,86.677,940.925,4518.75,3.757,150.688,0.049,112.468,2465.5,180850.0,46.059,66.002,39.248,138.55,317.775,0.775,0.176,12.325,840.5,4.698,2.674,3775.875,379.5,16.275,16.275,438.45,142.481,171.27,7250.005,1.233,6.34,2.621,89.527,65.85,2184.4,13653.0,1334.517,16.494,25009.594,1278.973
143.066,275.716,228.172,3791.6,11400.8,2340.6,728.78,598.4,412.46,330.56,28.814,30.143,4902.0,67.678,311.72,598.36,87.184,923.9,4631.8,3.729,146.352,0.053,114.338,2432.8,183140.0,47.034,67.678,39.008,145.06,321.26,0.787,0.175,12.142,861.8,4.74,2.719,3791.6,371.2,16.32,16.32,416.8,141.984,170.291,7292.651,1.228,6.333,2.68,90.128,65.627,2143.0,13680.0,1325.417,16.509,25059.954,1291.348
140.14,274.908,226.002,3746.0,11149.25,2408.375,735.025,600.913,410.65,316.863,28.55,29.915,5054.5,68.055,314.188,608.65,89.203,894.425,4708.25,3.801,146.028,0.054,118.655,2454.5,181100.0,46.566,68.055,37.062,152.212,319.8,0.781,0.177,12.092,910.5,4.739,2.745,3746.0,365.625,16.263,16.263,404.975,141.104,168.602,7417.455,1.235,6.331,2.732,89.882,64.907,2123.0,13518.0,1325.95,16.56,24959.081,1279.16
140.43,264.282,218.23,3791.9,10991.2,2435.5,736.94,607.24,411.9,314.11,29.255,30.117,5056.0,68.702,314.75,618.08,91.542,892.68,4851.2,3.749,150.342,0.054,118.194,2403.2,178510.0,45.521,68.702,35.574,160.96,323.42,0.764,0.177,11.796,884.9,4.811,2.785,3791.9,355.7,16.75,16.75,406.1,142.573,170.934,7511.975,1.233,6.323,2.738,89.963,65.205,2090.2,13710.0,1321.533,16.502,24953.629,1264.348
141.074,261.706,215.492,3856.1,10958.8,2431.4,754.72,616.98,407.3,316.34,29.01,30.155,4875.4,67.998,305.87,593.16,93.652,879.66,4575.0,3.761,148.496,0.054,118.656,2311.6,177980.0,45.132,67.998,34.732,158.82,317.48,0.748,0.176,11.918,850.3,4.829,2.813,3856.1,331.7,16.12,16.12,412.88,140.028,168.118,7242.635,1.231,6.323,2.647,89.519,68.118,2075.7,13314.0,1325.8,16.397,24303.137,1257.538
140.934,254.194,214.682,3911.5,10745.6,2314.8,743.68,607.92,413.82,311.35,28.377,29.296,4678.2,67.002,293.52,594.24,91.294,868.06,4449.8,3.769,144.552,0.051,116.694,2296.4,175740.0,44.172,67.002,34.646,155.06,315.98,0.75,0.177,11.732,867.1,4.82,2.846,3911.5,339.8,15.95,15.95,418.66,137.039,165.128,7060.505,1.235,6.284,2.671,89.225,69.322,2027.2,13158.0,1339.18,16.493,24003.77,1239.628
140.726,255.208,215.172,3954.9,10768.4,2278.5,752.32,605.51,423.24,316.83,28.644,29.37,4698.0,67.532,294.61,592.28,89.97,876.82,4446.4,3.908,146.286,0.053,116.748,2343.6,178930.0,44.669,67.532,33.142,156.78,314.62,0.757,0.181,11.579,876.1,4.795,2.892,3954.9,339.1,15.8,15.8,410.66,136.906,164.889,6968.341,1.228,6.294,2.701,89.819,68.162,2014.0,13322.5,1335.917,16.386,24076.779,1240.292
141.894,210.678,184.872,3895.9,9947.4,2156.7,734.28,638.97,421.18,317.42,29.134,29.699,4605.6,64.65,280.13,565.28,83.848,885.24,3594.4,3.726,148.212,0.051,113.378,2383.6,174640.0,44.095,64.65,21.938,144.92,309.98,0.73,0.17,10.472,826.3,4.706,2.673,3895.9,320.9,14.16,14.16,397.64,137.629,165.398,7072.238,1.233,6.283,2.691,89.492,70.607,2230.2,13735.0,1343.883,16.531,24284.768,1099.78
143.29,208.848,184.914,3972.4,10420.2,2089.4,732.56,656.93,436.08,331.57,29.307,30.166,4824.2,64.694,285.55,584.5,87.832,933.28,3696.2,3.901,149.5,0.052,114.806,2413.4,178180.0,45.551,64.694,21.772,149.32,310.22,0.743,0.171,10.513,818.0,4.773,2.707,3972.4,340.1,13.91,13.91,397.14,138.39,168.351,7223.453,1.234,6.28,2.728,89.494,72.773,2461.8,14740.0,1346.533,16.934,24647.946,1132.116
144.185,222.685,195.37,4088.833,10910.667,2062.917,754.117,672.067,460.933,368.208,29.425,30.748,4809.667,64.988,291.775,613.65,88.32,980.65,3926.0,3.93,158.783,0.053,116.352,2443.833,173550.0,46.669,64.988,28.893,145.717,307.433,0.745,0.175,10.915,832.417,4.676,2.73,4088.833,343.0,13.667,13.667,404.983,138.192,166.257,7075.774,1.218,6.324,2.77,90.851,73.96,2239.2,14144.0,1326.717,16.647,24238.854,1152.22
144.325,228.147,196.065,4118.375,10926.5,2136.875,760.575,662.85,468.35,389.487,29.35,31.121,4878.5,65.545,292.312,623.375,88.482,992.375,3915.75,3.917,156.51,0.053,120.488,2497.0,167900.0,46.634,65.545,29.48,144.287,309.775,0.744,0.175,10.973,836.375,4.602,2.748,4118.375,358.125,13.0,13.0,408.65,137.486,163.973,7119.127,1.201,6.347,2.759,92.101,73.923,2288.2,13855.0,1314.25,16.438,24076.781,1141.337
146.652,231.495,197.75,4229.75,10925.75,2167.75,760.625,667.612,472.275,394.613,29.49,31.36,4867.75,65.285,290.113,601.35,88.825,982.3,3926.0,3.941,156.965,0.053,120.392,2459.5,174637.5,45.968,65.285,26.83,139.9,322.775,0.749,0.176,10.957,836.625,4.766,2.75,4229.75,359.25,12.475,12.475,412.725,138.204,166.415,7335.976,1.191,6.351,2.76,92.662,76.433,2323.875,13932.5,1315.6,16.588,24566.983,1167.398
148.314,229.448,199.302,4402.7,10803.0,2133.8,771.64,678.88,498.1,391.41,29.795,32.409,5094.4,65.33,290.98,588.04,90.646,992.14,3750.0,3.996,161.062,0.052,117.088,2426.2,175260.0,44.873,65.33,25.532,137.36,324.74,0.743,0.179,10.843,826.5,4.855,2.733,4402.7,351.8,12.08,12.08,410.0,138.681,168.012,7379.61,1.184,6.362,2.828,93.062,78.553,2301.3,14526.0,1299.083,16.466,24761.6,1185.168
145.936,222.964,196.994,4299.9,10948.0,2106.8,774.34,671.39,483.82,381.29,29.4,32.258,5221.0,65.384,291.27,576.46,91.884,991.82,3730.8,4.015,161.37,0.051,114.608,2336.2,174960.0,46.165,65.384,27.184,133.73,325.7,0.734,0.181,10.334,819.0,4.754,2.742,4299.9,353.1,11.78,11.78,403.34,137.44,168.597,7411.346,1.172,6.381,2.887,93.726,78.79,2273.3,14755.0,1294.3,16.509,24860.711,1182.434
144.25,220.654,195.664,4235.0,11128.2,2093.4,825.14,668.17,463.46,382.29,28.649,31.082,5129.0,65.734,283.94,567.82,90.128,1002.86,3763.0,4.046,162.564,0.05,112.998,2338.0,173150.0,47.849,65.734,27.752,136.74,330.48,0.715,0.182,10.407,836.7,4.742,2.819,4235.0,348.8,12.1,12.1,404.16,134.822,166.989,7463.874,1.165,6.409,2.932,94.188,76.518,2282.625,15156.25,1300.4,16.457,24520.898,1162.484
145.42,215.57,191.803,4240.333,11524.667,2178.083,838.633,665.075,462.217,381.808,28.88,31.532,4994.167,69.583,285.258,561.033,90.682,1023.5,3887.833,4.156,170.325,0.047,111.568,2316.333,173683.333,48.609,69.583,27.677,141.817,332.217,0.701,0.184,10.183,860.0,4.718,2.873,4240.333,367.75,12.083,12.083,409.983,135.989,168.785,7642.568,1.174,6.401,2.919,93.763,76.087,2319.3,15596.0,1299.567,16.597,25064.446,1165.612
140.102,212.178,188.712,4111.125,11250.5,2260.75,817.5,650.013,469.45,382.875,28.723,31.409,4713.0,70.443,282.788,561.425,89.875,1036.9,3889.25,4.075,169.798,0.045,109.873,2307.75,175150.0,48.203,70.443,26.13,142.7,334.9,0.704,0.183,9.921,849.0,4.84,2.83,4111.125,380.625,11.938,11.938,405.25,135.689,169.498,7713.368,1.17,6.405,2.966,94.035,75.595,2273.0,15341.0,1298.717,16.912,25222.858,1136.9
136.018,209.866,186.974,4105.7,11173.2,2274.8,822.32,652.03,471.02,390.62,28.733,31.281,4608.0,70.246,273.76,548.74,94.26,961.12,3876.4,4.108,158.234,0.046,110.094,2294.4,169150.0,45.35,70.246,24.256,139.95,330.64,0.675,0.183,9.538,839.6,4.891,2.838,4105.7,376.6,11.54,11.54,407.56,133.452,165.575,7731.503,1.161,6.481,2.966,94.519,74.467,2189.2,15021.0,1275.333,16.397,24678.447,1110.592
138.788,207.374,182.248,4219.3,11224.2,2205.4,840.22,668.24,463.92,394.1,28.363,31.259,4596.8,73.22,267.82,555.56,99.186,930.44,3995.6,4.075,152.744,0.047,110.154,2282.0,167450.0,43.35,73.22,23.986,140.43,332.86,0.678,0.185,8.685,846.4,4.897,2.877,4219.3,353.9,11.57,11.57,403.66,131.4,162.007,7510.541,1.164,6.582,2.94,94.448,76.503,2158.7,14857.0,1258.467,16.212,24229.01,1127.592
143.848,221.682,185.436,4382.6,11572.4,2255.0,888.96,680.82,457.74,397.47,28.345,32.27,4590.2,73.64,282.83,560.18,104.69,936.16,4160.4,4.117,153.556,0.048,107.254,2285.4,167820.0,43.504,73.64,23.978,136.39,335.78,0.682,0.189,9.096,847.5,4.83,2.843,4382.6,346.2,11.65,11.65,402.88,131.157,161.389,7586.294,1.169,6.637,2.856,94.247,77.842,2094.7,14240.0,1252.917,16.035,24324.626,1158.354
146.404,228.864,192.766,4328.4,11508.2,2331.4,901.26,696.92,475.32,408.91,28.917,33.39,4473.8,72.318,272.92,549.54,103.928,961.3,4232.2,4.32,158.136,0.049,108.262,2329.8,170180.0,44.533,72.318,24.196,125.44,340.04,0.689,0.189,9.144,780.2,4.719,2.862,4328.4,333.8,11.67,11.67,406.98,132.583,163.721,7776.38,1.171,6.66,2.807,94.13,76.313,2065.4,14079.0,1250.367,15.989,24869.04,1189.76
140.93,215.722,182.772,4299.2,10493.8,2369.1,889.88,699.23,482.08,400.29,28.636,33.093,4393.8,69.938,268.67,547.86,98.808,970.32,4150.4,4.346,158.882,0.049,105.168,2319.8,165100.0,44.082,69.938,24.382,122.54,340.12,0.685,0.176,8.908,779.3,4.753,2.821,4299.2,329.0,11.28,11.28,409.2,133.086,164.91,7832.155,1.168,6.734,2.757,94.595,72.88,2035.6,13551.0,1231.75,15.617,25102.08,1145.904
138.32,211.294,180.98,4378.4,10718.8,2383.9,895.24,701.68,480.42,397.21,28.419,33.062,4213.0,68.478,263.12,559.52,95.936,995.26,4342.0,4.203,162.052,0.048,102.222,2278.6,162580.0,44.857,68.478,25.994,122.43,341.6,0.674,0.171,8.768,775.5,4.836,2.805,4378.4,326.1,10.49,10.49,399.36,134.948,166.658,7840.897,1.168,6.792,2.763,94.337,74.108,2065.7,13650.0,1225.433,15.495,25336.547,1143.192
141.516,209.12,179.152,4471.3,10808.8,2250.8,923.34,724.28,484.9,414.02,29.031,34.474,4182.6,70.908,262.01,547.18,96.132,1012.66,4408.2,4.111,161.788,0.048,102.34,2285.4,161010.0,46.245,70.908,25.64,119.95,341.1,0.674,0.168,9.015,771.3,4.954,2.721,4471.3,313.1,10.38,10.38,386.14,135.399,167.176,7724.756,1.163,6.821,2.796,94.572,73.967,2054.5,13642.0,1224.15,15.431,25369.773,1156.322
143.636,196.188,171.406,4534.6,10845.8,2189.6,932.4,740.84,501.68,428.36,28.967,34.969,4184.0,71.464,257.79,556.84,96.916,1015.04,4390.4,4.021,158.732,0.046,101.232,2287.2,157350.0,47.239,71.464,24.844,111.02,348.2,0.652,0.16,8.782,771.1,4.945,2.661,4534.6,318.4,11.12,11.12,404.64,135.127,166.733,7872.512,1.153,6.837,2.904,95.315,73.092,2070.0,13857.0,1220.717,15.408,25508.303,1110.754
141.506,190.378,162.742,4440.1,10943.4,2123.2,975.3,749.32,501.86,429.03,28.272,36.402,4023.6,69.874,250.28,551.08,95.396,1021.08,4140.4,3.995,155.092,0.044,100.584,2302.2,152680.0,46.108,69.874,24.256,107.98,353.36,0.629,0.154,8.43,754.3,4.965,2.6,4440.1,300.0,11.2,11.2,401.12,132.842,164.191,7817.518,1.139,6.888,2.932,96.342,72.015,2048.9,13347.0,1194.717,14.859,25376.473,1063.15
142.814,185.98,161.272,4462.8,10983.8,2133.9,993.82,761.8,502.44,431.28,28.099,35.836,4162.2,69.398,251.95,571.2,94.78,1055.54,4262.8,4.01,158.948,0.043,99.884,2383.6,152740.0,46.861,69.398,23.176,107.2,359.26,0.625,0.153,8.43,756.6,5.004,2.64,4462.8,291.4,11.66,11.66,404.14,133.971,166.158,7878.742,1.155,6.836,2.951,95.413,73.622,2068.4,13483.0,1200.233,14.708,25753.252,1062.25
146.786,181.754,159.788,4641.1,11228.4,2153.0,1086.26,788.36,524.34,436.79,28.445,36.639,4145.4,68.28,259.07,570.14,99.78,1089.34,4299.6,4.02,165.476,0.042,97.024,2580.0,149130.0,48.397,68.28,21.81,111.11,362.66,0.627,0.155,8.496,729.8,5.013,2.62,4641.1,288.7,12.02,12.02,414.56,135.052,168.549,8071.104,1.165,6.823,2.888,94.742,76.995,2134.0,13301.25,1211.1,14.698,26038.873,1083.052
147.81,177.814,154.864,4663.1,11215.8,2135.3,1123.78,785.24,531.3,437.64,28.175,37.773,4059.8,67.132,258.16,554.78,100.578,1072.8,4335.0,3.913,165.312,0.04,96.574,2599.0,143960.0,48.69,67.132,21.2,111.09,344.74,0.63,0.157,8.035,682.1,4.994,2.614,4663.1,280.6,12.02,12.02,407.86,133.547,167.144,7978.668,1.159,6.833,2.821,95.175,77.417,2064.4,12513.0,1203.55,14.297,25960.847,1068.23
152.762,177.336,151.244,4656.1,11509.6,2118.3,1109.36,803.0,529.22,445.38,27.734,37.74,4077.2,67.43,259.09,543.0,104.228,1081.62,4272.6,3.852,169.772,0.04,96.43,2662.0,152430.0,49.403,67.43,21.414,106.33,346.76,0.611,0.157,8.087,638.4,4.973,2.634,4656.1,262.4,11.84,11.84,409.64,132.511,167.112,7974.65,1.162,6.857,2.803,94.986,78.398,2052.6,12453.0,1202.417,14.179,26026.421,1069.99
156.584,191.652,163.926,4694.7,11711.2,2163.2,1115.72,786.84,536.26,439.73,27.506,37.567,4205.8,69.924,275.93,546.68,105.702,1090.66,4100.2,4.098,173.948,0.041,99.81,2646.4,160510.0,50.441,69.924,28.016,109.72,345.88,0.617,0.166,8.64,649.6,4.999,2.665,4694.7,260.2,12.29,12.29,411.9,134.454,170.002,7962.313,1.17,6.855,2.897,94.038,78.618,2046.0,12610.0,1206.133,14.266,26425.908,1129.362
160.704,199.502,169.212,4896.5,11795.4,2193.6,1127.64,817.58,554.34,467.31,27.536,37.794,3998.6,70.57,272.86,543.62,106.25,1078.4,4076.6,4.123,176.516,0.041,100.49,2538.4,164190.0,51.419,70.57,28.11,107.18,346.44,0.631,0.166,8.786,670.0,5.045,2.678,4896.5,245.0,12.18,12.18,408.26,134.671,170.27,8015.881,1.169,6.869,3.02,94.11,81.237,2048.5,12738.0,1199.333,14.422,26468.45,1174.544
166.59,195.71,165.876,4985.3,11321.8,2148.7,1183.56,820.6,578.38,501.73,27.569,37.824,3837.4,69.934,275.03,525.78,105.16,1093.0,4147.0,4.067,179.964,0.04,96.678,2601.2,165280.0,52.02,69.934,28.642,106.15,350.06,0.618,0.164,8.853,673.4,5.05,2.769,4985.3,232.3,12.17,12.17,405.66,132.111,168.763,7945.978,1.154,6.867,3.15,95.187,84.61,2143.1,12619.0,1201.233,14.652,26666.514,1177.802
167.808,190.022,165.058,4889.8,11304.6,2158.9,1156.8,807.48,576.28,469.79,27.13,37.588,3554.6,70.218,265.26,545.28,102.156,1081.58,4172.8,3.946,174.104,0.038,93.554,2513.8,169640.0,49.124,70.218,27.972,101.96,348.72,0.607,0.155,8.257,664.6,5.037,2.794,4889.8,228.9,12.67,12.67,398.36,128.998,161.447,7544.394,1.153,6.909,3.24,95.154,82.617,2043.5,12745.0,1204.933,14.485,25782.653,1145.3
163.21,191.164,164.672,4740.5,11304.0,2164.0,1125.42,784.32,553.32,466.44,27.228,37.368,3569.8,70.914,270.5,614.96,99.504,1050.22,4296.8,3.958,166.112,0.038,91.768,2452.2,170980.0,48.085,70.914,28.556,97.73,347.2,0.578,0.154,8.292,672.9,5.033,2.781,4740.5,230.1,12.97,12.97,394.54,126.597,157.302,7530.62,1.152,6.923,3.257,95.178,80.62,2019.9,12436.0,1227.9,14.65,25516.75,1148.504
154.432,183.484,159.104,4854.0,10985.8,1766.9,1052.3,771.52,547.54,459.1,26.649,36.093,3477.8,69.912,261.75,620.88,96.052,1018.5,4186.8,3.747,158.624,0.036,87.156,2417.6,170990.0,46.68,69.912,28.31,92.21,350.66,0.543,0.152,7.909,647.3,4.98,2.737,4854.0,235.9,12.75,12.75,393.8,123.997,151.381,7299.992,1.143,6.942,3.184,95.928,77.682,2002.7,12227.0,1233.583,14.697,24953.867,1113.492
153.3,188.288,162.94,4902.6,11020.2,1922.6,1062.26,774.78,524.6,458.45,26.468,37.665,3607.4,70.02,258.79,610.8,99.142,1018.94,4156.9,3.935,159.056,0.036,86.978,2454.6,171340.0,47.309,70.02,28.429,97.642,349.72,0.55,0.153,7.917,631.56,5.003,2.772,4902.6,241.38,12.744,12.744,405.18,124.524,150.762,7261.778,1.137,6.934,3.226,96.455,75.125,1972.4,11762.0,1228.683,14.565,25017.823,1122.066
156.137,199.585,171.618,5121.0,11661.75,1975.125,1083.725,812.225,547.45,477.538,27.231,38.125,3712.5,70.47,269.463,624.8,103.318,1035.025,4269.25,4.011,158.515,0.037,91.058,2517.75,173787.5,47.101,70.47,29.801,99.16,351.8,0.549,0.154,8.183,634.65,5.098,2.779,5121.0,241.45,12.845,12.845,402.125,128.101,154.804,7442.804,1.138,6.934,3.556,96.269,71.648,1970.0,11697.0,1225.233,14.497,25892.38,1148.015
151.774,198.398,172.626,4924.6,11662.8,1913.1,1103.26,776.18,551.52,435.87,27.082,37.96,3571.2,71.118,268.41,633.46,102.004,1028.6,4335.6,3.979,163.64,0.039,91.908,2495.8,170280.0,47.245,71.118,29.629,100.308,351.52,0.544,0.153,8.037,633.56,5.066,2.766,4924.6,236.58,13.276,13.276,397.06,127.091,152.428,7209.608,1.133,6.947,4.159,96.911,67.487,1940.1,11338.0,1210.8,14.162,25292.186,1119.624
152.742,197.28,171.42,4787.7,11827.6,1911.0,1125.12,750.88,525.1,413.16,27.145,37.327,3480.9,71.332,254.91,659.36,100.712,1007.88,4580.2,3.897,163.624,0.038,90.716,2473.2,169340.0,45.851,71.332,29.347,106.672,353.4,0.536,0.152,7.912,637.0,5.034,2.737,4787.7,233.48,14.836,14.836,399.1,125.725,149.934,6962.134,1.138,6.939,4.45,96.514,63.657,1943.7,11028.0,1223.9,14.365,24559.259,1126.376
159.038,191.898,168.338,4738.3,12507.4,1948.6,1127.88,712.6,504.74,417.67,26.987,37.489,3498.0,71.38,249.09,678.34,100.63,997.44,4734.4,3.971,160.368,0.037,89.778,2562.4,170350.0,46.193,71.38,28.7,113.064,351.7,0.521,0.155,8.174,634.88,5.044,2.746,4738.3,235.18,14.476,14.476,404.3,127.064,151.789,7211.893,1.134,6.949,4.377,96.94,59.785,1938.9,10918.0,1223.9,14.263,25127.388,1112.732
163.558,196.5,171.008,5199.3,12749.4,1945.6,1132.22,766.96,549.24,436.2,28.182,38.383,3643.4,71.112,244.88,676.38,99.154,962.1,4762.6,4.042,159.416,0.037,89.49,2560.6,171120.0,46.202,71.112,28.791,107.296,352.48,0.511,0.158,8.391,665.6,5.096,2.742,5199.3,233.8,14.54,14.54,401.96,125.978,150.9,7189.362,1.137,6.879,4.454,96.893,61.22,1964.2,11072.0,1243.233,14.547,25048.376,1151.014
157.456,189.784,167.762,5154.8,12927.6,1878.5,1106.48,744.2,531.64,421.96,27.992,38.031,3635.6,71.196,230.67,690.62,96.946,940.44,4953.3,3.892,154.924,0.036,85.75,2487.6,169170.0,46.759,71.196,27.258,101.928,353.78,0.498,0.154,8.019,646.08,5.106,2.722,5154.8,202.18,14.032,14.032,398.64,121.517,145.757,7026.332,1.134,6.895,4.245,97.138,60.702,1934.9,10841.0,1248.917,14.718,24404.556,1128.568
152.358,186.768,165.106,4934.7,13183.4,1868.7,1121.06,717.12,502.4,415.39,27.632,38.966,3634.7,71.264,240.21,723.3,98.144,958.42,5144.0,3.892,153.54,0.036,83.89,2469.2,166280.0,43.388,71.264,27.97,101.772,358.94,0.484,0.152,7.99,612.32,5.098,2.54,4934.7,211.22,14.156,14.156,405.2,118.303,141.306,6607.175,1.137,6.897,3.687,96.483,56.632,1918.6,10929.0,1252.767,14.714,23180.233,1095.952
150.388,184.8,164.398,4897.5,12867.667,1871.083,1109.967,717.417,494.683,419.408,26.623,38.908,3476.833,71.837,235.033,734.3,97.455,931.117,5301.417,3.874,153.8,0.034,81.378,2505.167,164625.0,42.142,71.837,29.223,101.1,374.15,0.482,0.149,7.93,594.867,5.148,2.564,4897.5,210.75,14.413,14.413,398.367,115.804,137.496,6477.415,1.14,6.881,3.514,96.203,53.138,1863.5,10778.333,1275.15,15.063,22718.735,1060.38
157.715,188.99,166.355,5040.75,13031.5,1887.75,1128.5,734.75,520.45,428.125,26.915,38.975,3588.0,73.055,244.55,747.6,100.77,941.95,5293.0,3.973,156.51,0.034,84.245,2537.5,170925.0,43.172,73.055,30.74,101.3,374.95,0.49,0.148,8.142,604.3,5.171,2.61,5040.75,212.5,14.34,14.34,406.3,118.446,140.749,6625.882,1.141,6.869,2.994,95.902,55.028,1841.0,10868.75,1288.283,15.627,23199.053,1102.415
159.925,195.447,169.163,5112.75,13284.25,1963.625,1125.275,726.0,507.125,429.5,27.286,38.805,3758.875,72.808,252.712,737.325,101.75,966.95,5309.875,3.949,153.13,0.035,85.082,2517.0,169337.5,44.626,72.808,30.155,103.24,373.6,0.497,0.152,8.313,627.85,5.168,2.601,5112.75,214.35,14.175,14.175,404.125,121.748,145.841,6927.018,1.147,6.803,3.025,95.266,59.508,1855.0,11259.0,1289.95,15.721,23839.963,1137.37
158.366,201.564,173.616,5180.4,13319.8,2002.0,1128.42,728.62,516.42,421.77,27.975,40.566,3997.5,72.396,254.46,731.44,103.672,955.28,5369.4,3.927,151.412,0.036,90.128,2564.6,170170.0,44.07,72.396,30.605,107.532,363.4,0.512,0.155,8.657,616.8,5.158,2.671,5180.4,222.56,14.42,14.42,406.76,124.464,148.718,7041.227,1.141,6.766,3.437,95.547,60.937,1849.0,11602.0,1289.767,15.582,24252.627,1156.332
160.084,209.944,180.636,5200.6,13343.6,2078.1,1115.14,768.34,539.24,416.32,27.707,41.011,4217.4,73.286,261.5,729.24,100.958,945.02,5375.4,3.856,149.252,0.037,93.358,2570.2,169290.0,44.544,73.286,31.456,105.504,361.92,0.507,0.16,9.48,636.96,5.219,2.697,5200.6,225.42,14.52,14.52,402.96,126.434,151.031,7071.112,1.137,6.777,3.196,95.547,61.725,1885.8,11760.0,1284.533,15.396,24568.465,1181.512
163.012,214.128,183.592,5236.1,13423.6,2177.04,1132.32,802.42,556.4,412.62,27.401,40.605,4157.4,72.836,260.15,741.7,98.24,979.78,5497.0,3.853,152.564,0.038,92.104,2570.6,171770.0,44.109,72.836,29.319,106.728,356.48,0.508,0.164,9.549,656.52,5.313,2.756,5236.1,220.02,14.268,14.268,401.08,127.619,153.21,7168.532,1.144,6.73,2.861,95.547,61.342,1890.5,12297.0,1314.65,15.899,24838.159,1198.992
162.17,214.276,183.834,5403.4,13632.0,2212.48,1133.08,801.84,564.22,416.84,27.218,40.729,4055.7,72.396,261.63,734.46,99.17,1025.0,5492.5,3.829,158.728,0.038,91.334,2519.6,172790.0,43.96,72.396,30.806,102.044,356.02,0.527,0.165,9.733,650.16,5.481,2.771,5403.4,218.18,14.58,14.58,402.24,128.123,155.369,7342.29,1.138,6.743,2.658,96.305,62.313,1904.9,12938.0,1315.65,15.787,25264.263,1210.05
159.686,211.886,181.48,5399.2,13704.8,2229.64,1101.68,776.06,558.1,404.99,26.616,40.307,3969.9,72.734,255.73,730.38,97.54,1023.28,5295.6,3.878,156.4,0.037,89.662,2501.8,170650.0,43.054,72.734,32.7,101.52,352.34,0.521,0.165,9.687,645.84,5.488,2.78,5399.2,215.86,14.448,14.448,403.82,127.969,156.905,7408.453,1.13,6.767,2.615,96.735,63.443,1860.6,12374.0,1316.0,15.686,25469.816,1188.28
154.606,204.364,176.594,5469.3,13976.8,2140.36,1108.84,788.16,562.52,401.76,26.504,40.196,3933.6,72.64,250.71,755.88,95.974,1002.76,5410.1,3.855,155.94,0.036,89.448,2516.2,170080.0,43.128,72.64,31.522,100.18,354.92,0.508,0.166,9.74,647.28,5.437,2.7,5469.3,210.84,14.14,14.14,406.8,129.761,160.349,7490.772,1.133,6.73,2.666,96.525,66.75,1881.6,12775.0,1333.133,15.864,25932.926,1186.416
156.412,206.28,178.576,5533.1,14306.0,2200.52,1095.84,784.64,551.66,398.59,25.992,40.428,3857.0,72.96,252.28,764.54,96.03,1031.2,5417.7,3.917,158.62,0.036,90.712,2543.2,169600.0,44.536,72.96,31.921,98.116,359.68,0.503,0.168,9.783,641.4,5.468,2.723,5533.1,203.56,14.128,14.128,407.16,130.597,161.591,7557.23,1.137,6.697,2.808,96.183,65.953,1911.5,13041.0,1320.033,15.699,26016.36,1192.256
153.425,204.342,178.032,5639.75,14112.0,2333.75,1085.45,762.825,547.375,399.562,25.344,40.172,3867.25,72.755,256.125,736.7,92.63,1031.35,5159.25,3.876,164.77,0.035,93.092,2535.5,164350.0,43.679,72.755,32.304,98.105,353.6,0.495,0.166,9.864,644.2,5.585,2.695,5639.75,195.525,14.055,14.055,405.4,129.615,159.647,7497.891,1.128,6.71,2.858,96.892,65.695,1866.7,13373.0,1291.35,15.176,25645.508,1184.267
152.756,204.712,179.138,5603.3,14101.6,2340.52,1075.0,736.82,531.32,399.36,24.383,39.834,3789.6,72.7,258.83,747.7,94.994,1021.2,5363.2,3.865,165.548,0.036,92.108,2495.2,165340.0,44.863,72.7,30.873,100.512,353.08,0.501,0.167,9.896,643.68,5.936,2.651,5603.3,190.8,13.868,13.868,404.52,130.032,159.054,7622.48,1.129,6.713,2.808,96.865,66.848,1886.9,13013.0,1300.35,15.354,25694.316,1185.58
155.01,208.342,183.078,5723.0,14304.0,2295.32,1065.8,763.58,549.88,404.88,24.81,40.208,3751.8,73.174,263.34,737.66,96.162,1019.64,5416.6,3.834,168.592,0.037,90.562,2432.6,177110.0,45.389,73.174,29.874,98.512,353.86,0.508,0.167,9.831,650.76,5.941,2.578,5723.0,204.92,14.356,14.356,406.96,131.221,160.671,7729.804,1.134,6.708,2.809,95.875,67.57,1921.1,13101.0,1308.617,15.415,25803.267,1222.094
150.498,215.118,188.906,5834.6,13922.0,2297.8,1073.84,752.04,550.66,406.66,24.637,40.31,3700.9,72.776,258.32,737.12,93.78,1017.0,5391.5,3.788,168.296,0.036,90.824,2369.4,176580.0,45.199,72.776,28.743,96.624,353.48,0.502,0.166,9.688,664.32,5.96,2.572,5834.6,218.2,14.552,14.552,407.02,128.704,159.454,7674.138,1.125,6.719,2.722,96.426,67.23,1901.2,12996.0,1308.217,15.294,25690.125,1214.19
156.802,220.856,193.77,5896.0,14192.0,2267.88,1063.72,740.2,553.92,419.92,25.299,40.962,3672.3,72.864,259.38,721.7,93.572,1044.72,5283.5,3.675,173.616,0.036,91.508,2391.8,174690.0,45.366,72.864,28.41,98.508,366.44,0.506,0.164,9.213,632.32,5.972,2.57,5896.0,228.5,15.168,15.168,406.94,131.676,164.4,7880.726,1.122,6.715,2.675,96.85,69.313,1892.5,13171.0,1295.317,15.099,26293.948,1220.124
160.648,238.468,204.304,5696.8,14367.2,2373.52,1084.6,755.08,581.32,425.16,25.37,40.491,3584.2,73.884,260.26,701.22,94.388,1036.84,5020.6,3.739,172.08,0.036,91.61,2368.8,168550.0,44.624,73.884,28.087,97.952,357.36,0.511,0.167,9.151,634.28,5.973,2.611,5696.8,229.58,15.48,15.48,406.88,132.53,165.37,7952.196,1.127,6.711,2.69,96.697,71.118,1868.3,13121.0,1301.75,15.09,26241.708,1249.926
161.786,234.146,202.7,5599.1,14514.0,2440.44,1103.84,747.7,580.52,433.64,25.047,39.906,3553.8,73.676,258.91,681.14,95.458,1040.92,4937.8,3.786,172.032,0.036,91.312,2377.8,168400.0,44.122,73.676,28.502,98.412,359.1,0.531,0.166,9.089,653.12,5.965,2.668,5599.1,227.3,16.104,16.104,409.54,134.219,167.395,7992.763,1.127,6.703,2.563,96.721,71.632,1861.2,12827.0,1282.28,14.933,26462.521,1258.21
161.36,231.612,202.762,5693.3,14492.8,2404.0,1168.88,750.24,588.66,438.47,24.802,39.647,3626.5,73.894,258.48,671.36,95.408,1050.36,4987.2,3.928,172.236,0.036,91.34,2380.8,168870.0,44.173,73.894,28.666,96.836,367.52,0.541,0.166,9.032,657.48,5.947,2.636,5693.3,228.42,15.588,15.588,419.58,134.009,167.705,8100.498,1.119,6.722,2.506,97.456,73.36,1863.125,12398.75,1279.55,14.935,26554.877,1262.052
164.975,228.898,200.725,5516.75,14337.5,2406.0,1204.35,758.0,634.475,427.325,24.704,39.303,3722.875,74.668,258.712,675.1,94.915,1052.95,5045.0,3.929,171.66,0.036,91.34,2366.25,168000.0,44.619,74.668,27.435,96.715,369.2,0.54,0.165,8.851,664.75,5.946,2.612,5516.75,232.325,15.18,15.18,421.45,134.984,167.751,8104.005,1.119,6.733,2.586,97.453,71.247,1815.0,12236.0,1280.55,14.869,26478.93,1247.448
164.21,230.322,201.97,5376.125,14145.5,2378.65,1202.15,736.025,624.425,420.288,24.656,39.278,3766.125,75.605,258.9,672.4,95.71,1023.4,5024.25,3.857,168.145,0.035,92.778,2328.0,165600.0,44.854,75.605,26.407,94.145,375.55,0.536,0.166,8.704,658.4,5.967,2.627,5376.125,233.0,15.185,15.185,419.6,132.769,164.435,7972.035,1.12,6.789,2.573,97.264,69.583,1809.625,11935.0,1285.517,14.863,26029.205,1232.572
189.974,227.184,200.188,5199.7,13774.8,2342.92,1197.84,689.18,587.8,415.37,24.143,38.863,3730.7,78.576,254.77,669.94,92.924,977.88,4948.7,3.963,158.34,0.035,85.03,2313.4,157460.0,43.204,78.576,24.963,91.32,383.94,0.529,0.167,8.662,664.08,5.96,2.582,5199.7,232.16,16.044,16.044,418.9,149.932,196.302,7783.222,1.119,6.881,2.629,97.424,70.367,1837.5,11992.0,1290.267,14.668,25627.213,1242.422
206.012,231.664,202.514,5261.0,13562.0,2394.68,1271.12,702.52,580.94,415.64,24.231,40.384,3602.2,80.138,254.99,679.02,89.854,995.4,4893.8,4.01,161.216,0.036,84.082,2353.2,153840.0,44.296,80.138,23.749,90.916,382.96,0.543,0.175,8.989,681.12,5.96,2.502,5261.0,230.7,17.512,17.512,421.86,149.926,194.512,7700.847,1.118,6.906,2.609,97.759,69.628,1792.4,12064.0,1277.45,14.458,25682.867,1276.532
208.934,233.716,206.0,5211.7,13695.2,2350.24,1312.32,725.32,581.14,433.24,24.698,40.643,3665.4,78.11,256.84,685.4,88.71,1031.12,5050.8,4.051,170.468,0.037,84.32,2421.0,159440.0,44.642,78.11,24.138,91.444,384.58,0.54,0.175,9.172,685.84,6.012,2.497,5211.7,232.14,17.436,17.436,419.08,148.582,192.068,7543.894,1.116,6.903,2.567,97.766,65.967,1793.5,12068.75,1288.783,14.483,25115.623,1281.76
231.526,241.624,213.488,5163.4,13798.0,2365.72,1296.84,758.94,593.9,428.51,25.17,40.673,3844.5,77.492,260.75,722.5,89.07,1043.2,5324.5,4.044,172.392,0.038,86.098,2446.8,160090.0,44.993,77.492,23.815,96.224,369.14,0.551,0.178,9.183,698.6,5.978,2.499,5163.4,221.1,17.476,17.476,425.3,149.975,195.175,7558.653,1.126,6.906,2.391,97.112,61.007,1772.0,11738.0,1332.133,14.805,25480.086,1314.384
233.228,241.045,210.683,5201.75,14358.5,2471.7,1307.95,767.95,614.05,418.725,25.181,41.108,3719.5,77.888,268.587,725.325,87.423,1092.95,5590.5,4.319,179.11,0.04,89.397,2428.0,160350.0,46.183,77.888,24.977,96.71,369.325,0.592,0.186,9.291,730.8,5.967,2.5,5201.75,214.575,16.885,16.885,425.325,151.803,198.869,7814.5,1.129,6.919,2.364,96.917,61.412,1777.1,11827.0,1338.9,14.801,26063.36,1341.767
231.202,240.424,207.428,5264.6,14505.6,2473.48,1304.4,774.56,625.44,413.58,25.521,41.234,3759.8,80.422,275.18,735.68,89.124,1084.28,5650.0,4.865,174.756,0.04,89.776,2447.4,159610.0,45.794,80.422,25.821,99.576,369.88,0.607,0.2,9.569,747.28,5.968,2.557,5264.6,206.76,16.88,16.88,427.08,132.907,165.386,7973.726,1.127,6.891,2.299,96.636,62.578,1773.1,12055.0,1372.017,15.117,26511.769,1365.5
232.6,239.086,206.294,5324.6,14191.2,2416.84,1312.2,770.3,635.04,414.82,26.173,41.841,3759.9,80.492,283.38,790.8,88.182,1085.52,5884.4,4.706,167.232,0.04,89.796,2493.0,163530.0,45.369,80.492,25.87,101.428,373.06,0.601,0.202,9.655,784.36,5.965,2.605,5324.6,205.64,17.368,17.368,426.06,133.428,166.96,7954.708,1.137,6.872,2.284,95.672,65.122,1803.9,12483.0,1416.983,15.318,26588.722,1384.63
249.998,242.268,208.548,5404.1,14363.6,2491.04,1305.64,768.12,652.84,419.2,26.711,43.455,3789.8,79.724,283.72,806.94,85.78,1068.2,5976.1,4.724,158.236,0.041,93.036,2483.2,167100.0,44.804,79.724,26.36,105.512,373.92,0.613,0.204,10.904,789.84,6.002,2.669,5404.1,205.12,17.112,17.112,428.92,135.791,169.099,8133.069,1.128,6.874,2.303,96.346,64.192,1794.8,12330.0,1410.217,15.252,26848.964,1402.34
248.318,241.624,207.824,5325.9,14253.6,2502.24,1311.4,746.14,631.1,420.22,26.952,42.889,3899.9,79.67,268.8,786.64,83.95,1063.08,6253.6,4.586,155.236,0.044,95.122,2417.6,169040.0,44.596,79.67,27.07,108.192,375.6,0.582,0.202,11.768,760.2,5.956,2.647,5325.9,213.02,16.932,16.932,430.6,136.068,167.141,8176.566,1.124,6.879,2.423,96.793,65.557,1824.8,13034.0,1408.133,15.16,26974.899,1397.76
226.56,234.456,204.258,5188.3,14571.6,2521.2,1289.32,734.1,625.16,419.47,26.491,36.922,3856.1,81.724,264.68,777.98,79.568,1050.96,6388.3,4.568,155.596,0.043,93.482,2377.0,164170.0,44.119,81.724,27.049,107.992,381.42,0.577,0.179,11.715,757.64,5.95,2.591,5188.3,215.74,16.912,16.912,429.78,135.922,167.595,8214.921,1.123,6.878,2.335,96.681,64.358,1846.4,14315.0,1421.65,15.834,27259.282,1366.128
219.948,231.386,202.394,5134.8,14590.0,2491.48,1312.08,739.58,641.9,425.7,26.392,31.122,3786.3,82.646,264.95,791.4,80.266,1041.28,6438.9,4.545,154.46,0.043,91.374,2378.2,158540.0,44.199,82.646,28.473,107.632,383.78,0.566,0.181,11.711,761.56,5.964,2.592,5134.8,215.42,16.792,16.792,426.24,135.581,168.341,8270.987,1.116,6.876,2.253,97.308,63.35,1818.4,14232.0,1420.433,16.408,27225.817,1344.296
234.584,230.52,201.172,5155.3,14468.0,2486.4,1321.2,741.2,669.98,419.09,26.917,31.583,3760.2,82.78,264.52,775.14,80.93,1020.24,6473.7,4.479,149.98,0.043,92.662,2382.0,157010.0,42.399,82.78,29.155,107.056,395.08,0.566,0.183,11.952,766.28,5.961,2.678,5155.3,212.84,16.628,16.628,425.0,133.852,166.44,8171.233,1.111,6.897,2.165,97.935,63.078,1793.4,14429.0,1434.117,16.341,26871.321,1341.226
227.842,223.02,195.672,5227.7,14651.6,2405.92,1300.56,732.04,660.8,407.21,26.15,31.675,3567.0,81.956,259.18,817.6,76.586,985.6,6897.5,4.194,144.452,0.041,94.84,2452.2,155460.0,40.167,81.956,28.35,106.232,391.12,0.552,0.179,11.831,751.96,5.955,2.671,5227.7,214.32,16.852,16.852,429.74,129.462,160.718,7884.392,1.119,7.022,2.102,97.476,58.747,1768.4,15351.0,1496.017,16.816,26084.873,1290.994
227.814,218.446,191.7,5145.2,14852.4,2394.28,1259.0,716.9,638.06,403.37,26.188,31.968,3587.3,81.654,257.11,852.62,72.268,948.48,7138.4,4.188,140.864,0.039,93.718,2504.6,153660.0,39.034,81.654,26.011,110.884,378.64,0.544,0.173,11.124,724.48,5.954,2.649,5145.2,217.68,16.644,16.644,426.38,127.712,159.191,7863.264,1.116,7.042,2.161,97.673,58.93,1784.1,15942.0,1521.85,17.119,25825.106,1268.318
230.194,218.204,190.824,5260.6,15174.0,2414.72,1270.64,717.64,625.94,406.78,25.79,31.625,3568.7,81.342,256.15,884.56,71.182,949.52,7254.8,4.091,140.86,0.039,92.43,2458.4,147840.0,38.507,81.342,26.213,109.7,383.08,0.542,0.17,11.084,712.76,5.889,2.657,5260.6,220.54,16.088,16.088,444.66,128.042,160.123,7942.947,1.11,7.065,2.18,98.032,59.675,1777.6,15765.0,1514.783,17.054,26037.299,1268.678
229.946,220.078,192.618,5226.4,15560.4,2432.4,1277.64,724.3,630.82,406.04,26.375,31.87,3573.7,81.048,263.86,956.24,72.658,968.12,7551.6,4.233,144.82,0.038,94.664,2495.4,151000.0,40.3,81.048,26.222,109.308,383.76,0.54,0.172,11.475,736.48,5.901,2.695,5226.4,218.82,16.42,16.42,445.84,127.499,159.641,7894.768,1.108,7.144,2.233,98.108,59.177,1755.0,16566.25,1541.95,18.102,26096.553,1274.364
233.814,227.518,198.704,5479.0,16385.6,2491.32,1315.56,746.08,652.32,415.65,33.764,36.306,3612.4,80.568,270.74,956.02,75.07,994.92,7532.4,4.298,145.56,0.041,95.246,2537.6,154310.0,41.192,80.568,27.301,106.184,385.9,0.551,0.183,11.942,752.04,5.959,2.724,5479.0,223.18,16.448,16.448,453.2,129.65,163.005,8017.735,1.1,7.151,2.382,98.609,59.788,1769.5,17877.0,1535.617,18.812,26500.67,1324.384
233.66,232.918,204.41,5464.6,15897.6,2458.48,1283.52,744.08,669.14,416.02,35.285,36.132,3591.0,79.194,269.46,928.36,75.624,1011.56,7416.3,4.518,148.832,0.042,96.084,2562.8,155240.0,41.443,79.194,27.714,106.28,388.7,0.543,0.185,12.375,750.16,5.934,2.715,5464.6,221.56,16.396,16.396,450.36,133.368,166.997,8142.49,1.104,7.103,2.573,98.332,61.495,1808.9,17931.0,1503.15,18.015,27057.704,1353.75
232.57,234.698,206.796,5475.7,15971.6,2415.12,1324.04,751.92,675.48,427.82,36.171,37.934,3640.9,79.056,270.7,916.52,76.546,983.52,7731.1,4.756,146.884,0.042,96.356,2575.0,152710.0,41.199,79.056,28.284,102.34,393.14,0.544,0.187,12.665,752.36,5.923,2.664,5475.7,218.72,16.3,16.3,434.76,134.387,168.06,8162.089,1.104,7.084,2.616,97.957,65.617,1790.6,17246.0,1511.083,17.94,27073.826,1383.038
229.494,228.486,202.604,5378.7,16306.4,2320.28,1349.84,724.02,658.08,424.76,34.929,37.135,3575.6,78.72,266.61,925.52,72.978,947.4,7695.1,4.529,141.964,0.042,95.21,2471.4,151150.0,39.637,78.72,28.6,102.488,392.52,0.53,0.182,12.829,732.44,5.825,2.631,5378.7,218.04,15.944,15.944,425.38,133.723,166.032,8031.007,1.097,7.117,2.483,98.421,62.668,1756.1,17258.0,1520.067,18.185,26888.876,1358.722
224.15,224.908,199.526,5405.0,16514.4,2267.96,1301.4,685.78,618.84,417.12,35.451,36.965,3481.8,78.698,263.57,908.54,74.674,903.52,7509.7,4.351,137.04,0.042,92.89,2487.6,150100.0,37.872,78.698,28.216,101.784,394.4,0.511,0.182,12.416,715.84,5.762,2.669,5405.0,216.62,15.024,15.024,405.46,131.553,163.276,7905.179,1.095,7.143,2.326,98.748,58.917,1723.5,17483.0,1497.183,17.438,26469.544,1319.138
224.922,228.018,200.714,5346.9,16080.0,2223.28,1315.64,695.72,633.86,415.96,36.358,37.38,3291.5,78.992,267.2,924.96,72.084,883.84,7512.2,4.37,130.396,0.041,90.272,2515.2,153510.0,37.091,78.992,27.343,100.044,369.28,0.504,0.181,12.504,712.32,5.761,2.667,5346.9,215.6,14.86,14.86,391.54,131.048,162.574,7938.327,1.099,7.128,2.265,98.543,58.888,1742.1,17524.0,1504.333,17.635,26461.159,1320.934
227.14,231.57,203.908,5639.3,16107.6,1956.08,1342.24,704.76,629.04,414.53,36.261,37.786,3212.1,79.144,267.04,949.62,71.732,882.88,7233.3,4.402,128.268,0.042,92.108,2495.0,160060.0,36.711,79.144,27.126,104.204,336.8,0.504,0.183,12.996,709.88,5.77,2.664,5639.3,214.82,14.732,14.732,409.9,134.283,166.456,8113.587,1.108,7.08,2.316,97.712,59.463,1728.1,16625.0,1492.767,17.542,26922.953,1341.67
238.15,239.412,213.07,5974.4,16728.4,2063.28,1344.28,743.86,648.7,418.6,40.613,38.924,3206.4,79.192,272.43,989.32,71.686,876.12,7207.7,4.568,125.528,0.043,92.93,2447.2,162450.0,36.172,79.192,27.285,103.52,335.94,0.513,0.184,13.793,714.28,5.807,2.669,5974.4,211.7,14.648,14.648,417.6,136.283,168.434,8163.198,1.113,7.071,2.294,97.269,60.342,1724.0,16596.0,1496.917,17.697,26843.562,1396.024
256.578,237.588,214.208,5905.3,17985.6,2134.52,1358.08,753.06,656.0,428.73,44.361,38.093,3217.2,79.026,286.41,1029.12,73.394,891.96,7364.2,4.362,126.468,0.043,94.936,2427.8,165660.0,36.795,79.026,28.675,105.092,342.4,0.51,0.184,14.378,713.04,5.769,2.651,5905.3,206.34,14.636,14.636,424.56,137.075,171.262,8315.081,1.113,7.054,2.584,97.317,60.925,1757.3,16725.0,1503.45,17.951,27149.409,1429.246
266.68,240.055,217.35,6080.375,18417.5,2183.75,1372.75,785.025,665.675,455.913,46.57,38.381,3339.875,79.135,295.363,1010.2,75.605,919.6,7400.75,4.521,131.12,0.045,99.725,2462.25,169700.0,38.404,79.135,29.391,106.19,344.55,0.532,0.19,14.915,737.3,5.56,2.648,6080.375,209.0,14.5,14.5,476.2,138.554,174.443,8437.667,1.108,7.007,2.817,97.685,62.258,1807.7,16249.0,1488.283,17.502,27561.599,1471.77
253.16,239.216,216.502,6075.3,17656.4,2198.16,1343.64,773.36,669.0,457.77,47.604,38.283,3316.2,81.12,298.68,970.48,77.044,889.4,7109.3,4.581,128.004,0.047,100.006,2449.6,175700.0,38.04,81.12,28.853,104.72,354.42,0.532,0.191,15.009,767.68,5.61,2.683,6075.3,206.8,14.236,14.236,492.12,138.022,175.136,8490.463,1.102,7.01,2.653,98.092,62.532,1765.8,15336.0,1463.017,16.877,27791.622,1446.888
249.7,237.952,215.368,6091.8,17546.0,2532.96,1308.24,758.8,675.9,451.95,46.441,37.49,3294.7,80.406,304.04,965.62,76.628,897.8,6967.2,4.532,127.572,0.046,102.318,2426.2,173800.0,38.149,80.406,28.327,105.244,364.44,0.533,0.194,15.991,765.32,5.687,2.688,6091.8,205.78,14.496,14.496,489.72,138.208,175.283,8534.685,1.106,7.027,2.584,97.853,62.682,1740.2,14578.0,1469.667,17.041,27887.59,1450.644
254.926,235.276,214.278,6097.1,17202.8,2650.08,1279.64,748.86,687.98,448.08,44.688,36.538,3253.9,80.742,306.11,959.26,77.438,910.72,6814.8,4.421,128.92,0.046,105.44,2433.2,170290.0,38.838,80.742,28.168,104.72,381.08,0.534,0.196,15.521,760.76,5.859,2.708,6097.1,205.4,14.476,14.476,490.18,138.893,176.305,8662.767,1.101,7.033,2.499,98.228,62.715,1758.5,14209.0,1460.517,16.969,28101.839,1442.858
